Feed name,Headline,Publication,Date,Time,Media type,Link,Language,Page number,Area (sq. cm),Section,Story Lead?,Story ID,Source Country,Source Region,Source Subregion,Reach Value,Reach Type,DAZN [mentions],DAZN [sentiment],DAZN [salience],Aviation relevant,Call of Duty,Cloud,DAZN Media announcement,DAZN TMO Irrelevant,Exclusions,ICA - Relevant coverage,Most Streamed Events,Not launch,relevant,Remove,SAV irrelevant,SAV relevant,Spyro,Sentiment / Negative,Sentiment / Neutral,Sentiment / Positive
Italy,"Brescia-Milan, Inter-Cagliari, Roma-Lazio: where to watch serie A matches live TV and streaming",Corriere della Sera,24/01/2020,09:04:50,Online,https://article.signal-ai.com/0dd018ea-d2d3-3b2f-9c45-ebe75ab4bfa3?u=351ef292-faed-4477-a667-ff65eb6ec0ed&origin=csv,Italian,,,,Y,0d6db055-5d58-4b88-bf48-b7f78959aa72,Italy,Europe,Southern Europe,1750000,monthly-unique-visitors,2,positive,0.3,,,,,,,,,,,,,,,,,
Italy,"Football on tv today and tonight: Serie A, There is Brescia-Milan. Chievo-Empoli in chiaro sulla Rai",Fanpage.it,24/01/2020,07:00:09,Online,https://article.signal-ai.com/eba8fd4d-3720-38ea-8146-f208917f0bcb?u=351ef292-faed-4477-a667-ff65eb6ec0ed&origin=csv,Italian,,,,Y,72efe58a-bee6-47bc-9d61-29c91e258aec,Italy,Europe,Southern Europe,625000,monthly-unique-visitors,5,neutral,0.25,,,,,,,,,,,,,,,,,
Italy,21st day,La Repubblica,24/01/2020,00:00:00,Print,https://article.signal-ai.com/fc706c92-944f-349d-ae9a-578413c1a2ee?u=351ef292-faed-4477-a667-ff65eb6ec0ed&origin=csv,Italian,,,SPORT,Y,f31678bf-9b57-4b95-8c7c-af311b9af421,Italy,Europe,Southern Europe,175000,circulation,3,neutral,0.15,,,,,,,,,,,,,,,,,
Italy,"MOTOMONDIALE ALSO ON DAZN; UNVEILED THE NEW DUCATI; DOVI: ""RESTED AND READY»",Il Giornale,24/01/2020,00:00:00,Print,https://article.signal-ai.com/4c9ec266-ad79-3ba6-a463-160258c48e26?u=351ef292-faed-4477-a667-ff65eb6ec0ed&origin=csv,Italian,,,,Y,bcb35242-4974-4b94-8331-719552b5a4dc,Italy,Europe,Southern Europe,75000,circulation,2,neutral,1.25,,,,,,,,,,,,,,,,,
Italy,"Basketball Euroleague, Milan at the House of Fenerbahce",La Repubblica,24/01/2020,00:00:00,Print,https://article.signal-ai.com/e30a4a81-d102-3e2c-b6ab-52e4f710b619?u=351ef292-faed-4477-a667-ff65eb6ec0ed&origin=csv,Italian,,,SPORT,Y,43bb10e3-e658-4544-b4a6-fe4484998492,Italy,Europe,Southern Europe,175000,circulation,1,neutral,0.05,,,,,,,,,,,,,,,,,
Italy,"TV rights, sport loses appeal",ItaliaOggi,24/01/2020,00:00:00,Print,https://article.signal-ai.com/4b08b784-1dab-3fb4-b866-a32a91a5011e?u=351ef292-faed-4477-a667-ff65eb6ec0ed&origin=csv,Italian,,,,Y,1e836fdb-4c3f-4600-9733-4f70b9b4e6b2,Italy,Europe,Southern Europe,75000,circulation,3,neutral,0.15,,,,,,,,,,,,,,,,,
Italy,Ducati 2020 unveiled: Dovizioso Marquez challenge,TuttoSport.com,23/01/2020,20:01:50,Online,https://article.signal-ai.com/778ace00-c78e-332c-8a9e-f24eb391a184?u=351ef292-faed-4477-a667-ff65eb6ec0ed&origin=csv,Italian,,,,Y,5fa9f370-475e-4a07-b023-0536cbdcce92,Italy,Europe,Southern Europe,625000,monthly-unique-visitors,1,neutral,0.05,,,,,,,,,,,,,,,,,
Italy,Sports on tv: MotoGp on Dazn,La Stampa,23/01/2020,10:12:00,Online,https://article.signal-ai.com/0b8f2694-65dc-3bb8-9b77-61d4ec451eb4?u=351ef292-faed-4477-a667-ff65eb6ec0ed&origin=csv,Italian,,,,Y,f2db187f-8c48-4f39-88b6-6c5619d45d09,Italy,Europe,Southern Europe,1750000,monthly-unique-visitors,3,positive,1.5,,,,,,,,,,,,,,,,,
Italy,"Moto: it enriches the offer of DAZN, two seasons of Gp",ANSA,23/01/2020,09:27:16,Online,https://article.signal-ai.com/393593b5-ad7b-3add-bfb7-19e9c5e784c5?u=351ef292-faed-4477-a667-ff65eb6ec0ed&origin=csv,Italian,,,,Y,d07efb13-075f-4637-ad85-8b4a899651f0,Italy,Europe,Southern Europe,1750000,monthly-unique-visitors,3,positive,1.3,,,,,,,,,,,,,,,,,
Italy,"MotoGP 2020 on Dazn, live racing streaming: it's official!",Fanpage.it,23/01/2020,09:18:30,Online,https://article.signal-ai.com/2e1231d3-6c57-34f9-bd88-f44dfa45f506?u=351ef292-faed-4477-a667-ff65eb6ec0ed&origin=csv,Italian,,,,Y,bd0dda79-1850-469d-acc6-b67782f730d7,Italy,Europe,Southern Europe,625000,monthly-unique-visitors,9,positive,1.4,,,,,,,,,,,,,,,,,
Italy,The crazy idea of Tacopina: taking De Rossi to Venice,La Gazzetta Dello Sport,23/01/2020,09:13:15,Online,https://article.signal-ai.com/05cd8470-b11e-3412-ad87-bc771bfbd4b2?u=351ef292-faed-4477-a667-ff65eb6ec0ed&origin=csv,Italian,,,,Y,d19f7f34-f5b2-486a-9eef-3c645d1927bb,Italy,Europe,Southern Europe,1750000,monthly-unique-visitors,1,neutral,0.25,,,,,,,,,,,,,,,,,
Italy,Dazn: MotoGp streaming arrives in March,TGCOM,23/01/2020,08:32:03,Online,https://article.signal-ai.com/a30f82fd-cf5a-3936-9229-34abd6c9d00b?u=351ef292-faed-4477-a667-ff65eb6ec0ed&origin=csv,Italian,,,,Y,b599b38e-f675-4246-8f91-1d6076669943,Italy,Europe,Southern Europe,625000,monthly-unique-visitors,3,positive,1.5,,,,,,,,,,,,,,,,,
Italy,"MotoGP, Moto2 and Moto3 also on Dazn. The 2020 race calendar",La Gazzetta Dello Sport,23/01/2020,12:10:00,Online,https://article.signal-ai.com/815d93bb-fef1-3cd3-ba32-698ea8c4ca16?u=351ef292-faed-4477-a667-ff65eb6ec0ed&origin=csv,Italian,,,,Y,1ff9db37-860d-40bc-8a69-ec4bb5f60b24,Italy,Europe,Southern Europe,1750000,monthly-unique-visitors,5,positive,1.6,,,,,,,,,,,,,,,,,
Italy,"DAZN, the novelty of 2020 is the world Motomondiale",TuttoSport.com,23/01/2020,12:08:00,Online,https://article.signal-ai.com/e6bff004-6858-353f-b175-4631fdccd974?u=351ef292-faed-4477-a667-ff65eb6ec0ed&origin=csv,Italian,,,,Y,c785dfe9-034e-4424-b8cc-fd112236ff28,Italy,Europe,Southern Europe,625000,monthly-unique-visitors,8,positive,1.55,,,,,,,,,,,,,,,,,
Italy,Three Italians in the Cup today,La Gazzetta Dello Sport,22/01/2020,23:00:51,Online,https://article.signal-ai.com/bb1b2782-7665-3bfc-b20f-2af4367a8b07?u=351ef292-faed-4477-a667-ff65eb6ec0ed&origin=csv,Italian,,,,Y,a7931bef-12e1-4318-a605-cf978990f53a,Italy,Europe,Southern Europe,1750000,monthly-unique-visitors,3,neutral,0.35,,,,,,,,,,,,,,,,,
Italy,"Griezmann: ""Ibiza played better. We're learning...""",La Gazzetta Dello Sport,22/01/2020,21:26:15,Online,https://article.signal-ai.com/8c247552-666f-3293-aeb3-036355889584?u=351ef292-faed-4477-a667-ff65eb6ec0ed&origin=csv,Italian,,,,Y,00279d19-9ee9-4b8c-9721-a19dc98a93eb,Italy,Europe,Southern Europe,1750000,monthly-unique-visitors,1,neutral,0.05,,,,,,,,,,,,,,,,,
Italy,"The crazy idea of Tacopina “ "" De Rossi? Before retiring he must play with Venice!”",Fanpage.it,22/01/2020,16:11:33,Online,https://article.signal-ai.com/2248f08e-ba2e-3b74-a53d-c447e9634220?u=351ef292-faed-4477-a667-ff65eb6ec0ed&origin=csv,Italian,,,,Y,9ab5c668-9fca-42b3-aea3-98a75b47e314,Italy,Europe,Southern Europe,625000,monthly-unique-visitors,1,neutral,0.25,,,,,,,,,,,,,,,,,
Italy,"Football on tv today and tonight: Coppa Italia, Juventus v Roma. C Series with Reggina and Bari",Fanpage.it,22/01/2020,07:00:19,Online,https://article.signal-ai.com/78ada8de-2b86-3335-82d4-1436493ac68e?u=351ef292-faed-4477-a667-ff65eb6ec0ed&origin=csv,Italian,,,,Y,ddb40922-d25f-4a8f-93ee-33000eba5119,Italy,Europe,Southern Europe,625000,monthly-unique-visitors,2,neutral,0.1,,,,,,,,,,,,,,,,,
Italy,The Festival warms the engines. Gerry still burns Millionaire,ItaliaOggi,22/01/2020,00:00:00,Print,https://article.signal-ai.com/e44b43ea-de81-3ac8-a8d7-b4040c475fb1?u=351ef292-faed-4477-a667-ff65eb6ec0ed&origin=csv,Italian,,,,Y,7561cf4d-a248-42fc-ae83-3dec13bd07f8,Italy,Europe,Southern Europe,75000,circulation,1,neutral,0.05,,,,,,,,,,,,,,,,,
Italy,"Dazn, views in Italy 79 mln of hours",ItaliaOggi,21/01/2020,16:50:06,Online,https://article.signal-ai.com/b331bdb3-5fc8-3eea-bb7a-f874bab42d94?u=351ef292-faed-4477-a667-ff65eb6ec0ed&origin=csv,Italian,,,,Y,8977e5c7-0c33-458d-940c-b9ac6d04eac1,Italy,Europe,Southern Europe,3000,monthly-unique-visitors,2,neutral,1.25,,,,,,,,,,,,,,,,,
Italy,"MotoGP, in Italy is goodbye on Sky? TV8 already torpedoed",Fanpage.it,21/01/2020,11:34:46,Online,https://article.signal-ai.com/9d19d6e8-9fa5-3b30-af47-ebc06b2755c7?u=351ef292-faed-4477-a667-ff65eb6ec0ed&origin=csv,Italian,,,,Y,4e8ccbef-c72f-45ec-9e88-da290ee00266,Italy,Europe,Southern Europe,625000,monthly-unique-visitors,2,positive,0.3,,,,,,,,,,,,,,,,,
Italy,"Football on tv, Tuesday 21 January: Napoli v Lazio",La Stampa,21/01/2020,10:24:00,Online,https://article.signal-ai.com/cbe41944-76e9-3373-a7c5-648d654ff6b8?u=351ef292-faed-4477-a667-ff65eb6ec0ed&origin=csv,Italian,,,,Y,275d78c0-8c3d-47f0-9e7e-18936b5f2991,Italy,Europe,Southern Europe,1750000,monthly-unique-visitors,1,neutral,0.05,,,,,,,,,,,,,,,,,
Italy,"Football on TV today and tonight: Napoli v Lazio in Coppa Italia, Chelsea v Arsenal for Premier",Fanpage.it,21/01/2020,07:00:33,Online,https://article.signal-ai.com/7b3cd251-984c-3471-940e-1c304c8e5732?u=351ef292-faed-4477-a667-ff65eb6ec0ed&origin=csv,Italian,,,,Y,0be20217-a5c3-43d9-aa76-670c6bfcbc74,Italy,Europe,Southern Europe,625000,monthly-unique-visitors,1,neutral,0.05,,,,,,,,,,,,,,,,,
Italy,"Dal Pino: ""I diritti tv? Solution within six months»",Il Messaggero,21/01/2020,00:00:00,Print,https://article.signal-ai.com/e8f4ca12-773e-34dc-a972-aab9381f596d?u=351ef292-faed-4477-a667-ff65eb6ec0ed&origin=csv,Italian,,,Sport,Y,f9b9f157-f4fb-43ef-805b-f4a389aa0b39,Italy,Europe,Southern Europe,,,1,neutral,0.45,,,,,,,,,,,,,,,,,
Italy,Dal Pino: transform Serie A League into media company. TV rights within the semester,ItaliaOggi,21/01/2020,00:00:00,Print,https://article.signal-ai.com/8d518b62-d8a8-39d2-b479-295078b4fddf?u=351ef292-faed-4477-a667-ff65eb6ec0ed&origin=csv,Italian,,,,Y,f3055c1b-67dc-4e0c-aa49-387148acf896,Italy,Europe,Southern Europe,75000,circulation,1,neutral,0.25,,,,,,,,,,,,,,,,,
Italy,"Dazn, views in Italy 79 mln of hours",ItaliaOggi,21/01/2020,00:00:00,Print,https://article.signal-ai.com/9c1b858b-04e3-3de2-93b9-1d1dba248c9a?u=351ef292-faed-4477-a667-ff65eb6ec0ed&origin=csv,Italian,,,,Y,e8431631-2279-4e61-9e83-b53849d293b0,Italy,Europe,Southern Europe,75000,circulation,5,neutral,1.2,,,,,,,,,,,,,,,,,
Italy,League; Dal Pino wants a series A that conquers new markets,Corriere della Sera,21/01/2020,00:00:00,Print,https://article.signal-ai.com/17579e9e-7a42-3b62-a4a7-35de10fcbc30?u=351ef292-faed-4477-a667-ff65eb6ec0ed&origin=csv,Italian,,,Sport,Y,85e51842-c3dc-47e8-bbbf-52a758e53144,Italy,Europe,Southern Europe,375000,circulation,1,neutral,0.05,,,,,,,,,,,,,,,,,
Italy,"TV rights, Dal Pino wants a series A that conquers new markets",Corriere della Sera,20/01/2020,21:42:43,Online,https://article.signal-ai.com/254ba6fc-a07d-32aa-ad16-53d5e27e1ede?u=351ef292-faed-4477-a667-ff65eb6ec0ed&origin=csv,Italian,,,,Y,b846566a-f285-4f60-a524-6b8fdc5c2917,Italy,Europe,Southern Europe,1750000,monthly-unique-visitors,1,neutral,0.05,,,,,,,,,,,,,,,,,
Italy,"Football: from Pine, within 1 * sem we will close on TV rights",TGCOM,20/01/2020,18:41:10,Online,https://article.signal-ai.com/a5bb84fd-1c05-35ea-b209-860af8c681a2?u=351ef292-faed-4477-a667-ff65eb6ec0ed&origin=csv,Italian,,,,Y,4a3c900a-6d16-4fbb-81fd-6a8f714c8c6b,Italy,Europe,Southern Europe,625000,monthly-unique-visitors,1,neutral,0.25,,,,,,,,,,,,,,,,,
Italy,"Serie A, Dal Pino on TV rights: ""in Italy we close within 6 months»",Il Messaggero,20/01/2020,18:19:46,Online,https://article.signal-ai.com/cbde1688-5366-3df4-b4b9-49adc645f76c?u=351ef292-faed-4477-a667-ff65eb6ec0ed&origin=csv,Italian,,,,Y,f2a6a616-7edd-4729-abfc-33e707de553b,Italy,Europe,Southern Europe,1750000,monthly-unique-visitors,1,neutral,0.45,,,,,,,,,,,,,,,,,
Italy,"TV rights: Dal Pino, in Italy we close within 6 months",ANSA,20/01/2020,18:17:17,Online,https://article.signal-ai.com/559dce45-02e0-3f0b-8b0d-c36c4b41eeea?u=351ef292-faed-4477-a667-ff65eb6ec0ed&origin=csv,Italian,,,,Y,e47bdd2d-2534-4410-be46-47530dc9c915,Italy,Europe,Southern Europe,1750000,monthly-unique-visitors,1,neutral,0.45,,,,,,,,,,,,,,,,,
Italy,"League, from Pine sees Sky and Mediapro but also points to Amazon",La Repubblica,20/01/2020,18:05:38,Online,https://article.signal-ai.com/5c6b515f-982a-3b8c-bdf1-4082a47631b0?u=351ef292-faed-4477-a667-ff65eb6ec0ed&origin=csv,Italian,,,,Y,bd628776-865e-42d9-8254-c77faaf1e6ed,Italy,Europe,Southern Europe,3750000,monthly-unique-visitors,1,neutral,0.25,,,,,,,,,,,,,,,,,
Italy,Tv: in 2019 300 million hours streaming views on Dazn,ANSA,20/01/2020,16:54:48,Online,https://article.signal-ai.com/f3a9df88-03fd-37e7-b90f-e3358cbcee10?u=351ef292-faed-4477-a667-ff65eb6ec0ed&origin=csv,Italian,,,,Y,8ff62116-79ed-4639-a53e-b36776030aa8,Italy,Europe,Southern Europe,1750000,monthly-unique-visitors,6,neutral,1.65,,,,,,,,,,,,,,,,,
Italy,"Football on TV tonight, Monday 20 January: Atalanta-Spal",La Stampa,20/01/2020,15:14:00,Online,https://article.signal-ai.com/cde048e4-13aa-3182-a473-ea8cee528b93?u=351ef292-faed-4477-a667-ff65eb6ec0ed&origin=csv,Italian,,,,Y,f2de48d3-894a-4a79-8a95-ecb8023c8bc0,Italy,Europe,Southern Europe,1750000,monthly-unique-visitors,1,neutral,0.05,,,,,,,,,,,,,,,,,
Italy,"Football on tv today and tonight: Serie A, There is Atalanta-SPAL. Derby Cosenza-Crotone in Serie B",Fanpage.it,20/01/2020,07:00:38,Online,https://article.signal-ai.com/61ed319e-46cb-3202-8113-e45b83e47d71?u=351ef292-faed-4477-a667-ff65eb6ec0ed&origin=csv,Italian,,,,Y,5a9bb79b-8579-460f-84a9-57dbe1de5ffb,Italy,Europe,Southern Europe,625000,monthly-unique-visitors,2,neutral,0.1,,,,,,,,,,,,,,,,,
Italy,"Poisons, appeals, few offers Italian football risks B",La Repubblica,20/01/2020,00:00:00,Print,https://article.signal-ai.com/c6967515-7cbf-38f5-8cfc-0ba9416b3b64?u=351ef292-faed-4477-a667-ff65eb6ec0ed&origin=csv,Italian,,,MULTIMEDIA,Y,fbc68a11-0a23-43c9-8775-2c162782829e,Italy,Europe,Southern Europe,175000,circulation,3,positive,0.15,,,,,,,,,,,,,,,,,
Italy,Next Round,La Repubblica,20/01/2020,00:00:00,Print,https://article.signal-ai.com/0cec3bcc-3058-3b7e-8965-b7b10612d4da?u=351ef292-faed-4477-a667-ff65eb6ec0ed&origin=csv,Italian,,,SPORT,Y,b407dc95-564a-47fe-a0d9-5a2f81bfd518,Italy,Europe,Southern Europe,175000,circulation,3,neutral,0.15,,,,,,,,,,,,,,,,,
Italy,"Dazn, more broadband sports new races for Serie A and Nba",La Repubblica,20/01/2020,00:00:00,Print,https://article.signal-ai.com/8a2a2679-7adc-3e79-8e62-49318a1e300e?u=351ef292-faed-4477-a667-ff65eb6ec0ed&origin=csv,Italian,,,MULTIMEDIA,Y,a96be038-f787-4ec7-b366-f4f442f1541b,Italy,Europe,Southern Europe,175000,circulation,13,positive,2,,,,,,,,,,,,,,,,,
Italy,The quarrel continues between Marotta and Petrachi,La Repubblica,20/01/2020,00:00:00,Print,https://article.signal-ai.com/ae95a6a6-f98d-3c36-ad09-951dc4bfc55e?u=351ef292-faed-4477-a667-ff65eb6ec0ed&origin=csv,Italian,,,SPORT,Y,2ad836b1-1139-4ef0-97e5-08ee88a11df3,Italy,Europe,Southern Europe,175000,circulation,1,neutral,0.25,,,,,,,,,,,,,,,,,
Italy,TV rights the first rock to overcome for the new president of Lega Dal Pino,Il Messaggero,20/01/2020,00:00:00,Print,https://article.signal-ai.com/7ec4bf07-cee0-36fe-a5ef-5b536cfd871e?u=351ef292-faed-4477-a667-ff65eb6ec0ed&origin=csv,Italian,,,Sport,Y,158b9603-4f53-4152-b744-8f0da6f8a7fa,Italy,Europe,Southern Europe,,,1,neutral,0.05,,,,,,,,,,,,,,,,,
Italy,"Udinese, Gotti: ""great attitude, sin for defeat""",TuttoSport.com,19/01/2020,14:46:04,Online,https://article.signal-ai.com/da41a0e4-cf3d-39a6-89cf-a4abe9bb5e24?u=351ef292-faed-4477-a667-ff65eb6ec0ed&origin=csv,Italian,,,,Y,7bd762ab-18f7-4757-ab37-fd42787fa280,Italy,Europe,Southern Europe,625000,monthly-unique-visitors,1,neutral,0.45,,,,,,,,,,,,,,,,,
Italy,"Gotti: ""we wasted a lot, the goal in the final an unfortunate episode""",La Gazzetta Dello Sport,19/01/2020,14:16:16,Online,https://article.signal-ai.com/15c6582b-ce78-3413-9d1c-e8f200f0c9ab?u=351ef292-faed-4477-a667-ff65eb6ec0ed&origin=csv,Italian,,,,Y,a3a95e9d-308e-4c8e-91f3-80facab89708,Italy,Europe,Southern Europe,1750000,monthly-unique-visitors,1,neutral,0.25,,,,,,,,,,,,,,,,,
Italy,"Milan, Pioli: ""Ibra gave us thickness. It was the perfect week.""",TuttoSport.com,19/01/2020,14:16:08,Online,https://article.signal-ai.com/c389d5c1-84f9-35f5-ac54-840be9a45755?u=351ef292-faed-4477-a667-ff65eb6ec0ed&origin=csv,Italian,,,,Y,6f639daf-e353-424e-b69e-ee8e7a8513b8,Italy,Europe,Southern Europe,625000,monthly-unique-visitors,1,neutral,0.45,,,,,,,,,,,,,,,,,
Italy,"Milan, pegs after Udinese: """,La Gazzetta Dello Sport,19/01/2020,14:10:00,Online,https://article.signal-ai.com/f0d085fc-7ea5-34e2-b6db-f2e56a57c821?u=351ef292-faed-4477-a667-ff65eb6ec0ed&origin=csv,Italian,,,,Y,67d9317d-e101-4b6f-90a9-6751dcf33590,Italy,Europe,Southern Europe,1750000,monthly-unique-visitors,1,positive,0.25,,,,,,,,,,,,,,,,,
Italy,"Rebic pride: ""I've shown everyone what I can do""",La Gazzetta Dello Sport,19/01/2020,14:03:13,Online,https://article.signal-ai.com/e8f1fe80-bf15-3a08-ac1b-2170a604e583?u=351ef292-faed-4477-a667-ff65eb6ec0ed&origin=csv,Italian,,,,Y,927503b0-d673-4f77-bc63-046b5453743f,Italy,Europe,Southern Europe,1750000,monthly-unique-visitors,1,positive,0.25,,,,,,,,,,,,,,,,,
Italy,"Football: Rebic, finally a chance, proved my worth",TuttoSport.com,19/01/2020,13:56:00,Online,https://article.signal-ai.com/73a8be1f-89e2-33fa-8f61-7ecf6b55c34d?u=351ef292-faed-4477-a667-ff65eb6ec0ed&origin=csv,Italian,,,,Y,50aaa2d2-f47d-4899-b728-def8636956ec,Italy,Europe,Southern Europe,625000,monthly-unique-visitors,1,neutral,0.45,,,,,,,,,,,,,,,,,
Italy,"Football: Rebic, finally a chance, proved my worth",ANSA,19/01/2020,14:00:48,Online,https://article.signal-ai.com/999255e6-90d9-36a8-b64b-de80833f65b9?u=351ef292-faed-4477-a667-ff65eb6ec0ed&origin=csv,Italian,,,,Y,3736774a-cbd8-45a2-8bf6-7f7cb71e0ee3,Italy,Europe,Southern Europe,1750000,monthly-unique-visitors,1,neutral,0.25,,,,,,,,,,,,,,,,,
Italy,"Milan, Massara: ""no further market movements are planned""",TuttoSport.com,19/01/2020,12:12:57,Online,https://article.signal-ai.com/b44c869d-fc02-3a8e-a8dd-8eb160d8977e?u=351ef292-faed-4477-a667-ff65eb6ec0ed&origin=csv,Italian,,,,Y,679490bb-346e-4177-b6ad-72d26bbd055b,Italy,Europe,Southern Europe,625000,monthly-unique-visitors,1,neutral,0.25,,,,,,,,,,,,,,,,,
Italy,"Direct Benevento-Pisa at 21, probable formations. Where to see it on tv",TuttoSport.com,19/01/2020,11:57:21,Online,https://article.signal-ai.com/583180f9-d526-306e-bcba-142dc9149694?u=351ef292-faed-4477-a667-ff65eb6ec0ed&origin=csv,Italian,,,,Y,0816317c-fd4b-47bd-a2cd-64f3c0a85114,Italy,Europe,Southern Europe,625000,monthly-unique-visitors,1,neutral,0.05,,,,,,,,,,,,,,,,,
Italy,"Direct Spezia-Cittadella and Pescara-Salernitana at 15. Likely formations, where to see them on tv",TuttoSport.com,19/01/2020,11:40:27,Online,https://article.signal-ai.com/996b931c-2b4f-346a-855b-88607e17265f?u=351ef292-faed-4477-a667-ff65eb6ec0ed&origin=csv,Italian,,,,Y,d2ce4d09-46c4-450e-bb35-a1de0fec0df8,Italy,Europe,Southern Europe,625000,monthly-unique-visitors,2,neutral,0.1,,,,,,,,,,,,,,,,,
Italy,"Massara: ""Ibra, Kjaer, Begovic, three shots. Others? We see...""",La Gazzetta Dello Sport,19/01/2020,11:28:33,Online,https://article.signal-ai.com/76412969-5f62-3147-9817-1a9a53e6d323?u=351ef292-faed-4477-a667-ff65eb6ec0ed&origin=csv,Italian,,,,Y,d987ee71-7ac9-40a1-98ea-cae590c6a06e,Italy,Europe,Southern Europe,1750000,monthly-unique-visitors,1,positive,0.25,,,,,,,,,,,,,,,,,
Italy,"Naples, Gattuso amaro: ""we are embarrassing, we go to retreat""",Il Giornale,19/01/2020,10:05:21,Online,https://article.signal-ai.com/1e14cec5-c95f-367a-9bc2-dbe38371da5b?u=351ef292-faed-4477-a667-ff65eb6ec0ed&origin=csv,Italian,,,,Y,8006bfad-27ac-4a2a-880c-7dd8fa2bd720,Italy,Europe,Southern Europe,1750000,monthly-unique-visitors,1,neutral,0.25,,,,,,,,,,,,,,,,,
Italy,Live Bologna-Verona from 15: here are the official formations,TuttoSport.com,19/01/2020,13:19:49,Online,https://article.signal-ai.com/b33bfddd-d8fb-3edb-99ff-dbd95ad9905a?u=351ef292-faed-4477-a667-ff65eb6ec0ed&origin=csv,Italian,,,,Y,d68ca412-1a29-4558-9174-7ae6928385e2,Italy,Europe,Southern Europe,625000,monthly-unique-visitors,4,neutral,0.2,,,,,,,,,,,,,,,,,
Italy,Live Milan-Udinese from 12.30 pm: Ibra and Leao from 1',TuttoSport.com,19/01/2020,10:12:44,Online,https://article.signal-ai.com/b51c9d01-7a9b-3250-ab41-5ec69b775292?u=351ef292-faed-4477-a667-ff65eb6ec0ed&origin=csv,Italian,,,,Y,f22e0c2d-961a-4a8e-885d-af33d35defc4,Italy,Europe,Southern Europe,625000,monthly-unique-visitors,4,neutral,0.2,,,,,,,,,,,,,,,,,
Italy,"Football on TV today and tonight: Serie A, Milan-Udinese on DAZN, Lecce-Inter and Juve-Parma on Sky",Fanpage.it,19/01/2020,07:00:06,Online,https://article.signal-ai.com/81285b0c-c1fb-3c6b-8100-d01cffe6529a?u=351ef292-faed-4477-a667-ff65eb6ec0ed&origin=csv,Italian,,,,Y,884bff1c-367c-4d08-9887-92e27f1396b2,Italy,Europe,Southern Europe,625000,monthly-unique-visitors,13,positive,1.6,,,,,,,,,,,,,,,,,
Italy,Football on tv: Juve on Sunday night,La Stampa,19/01/2020,06:00:00,Online,https://article.signal-ai.com/407ae438-4567-38bf-a870-06a31b541498?u=351ef292-faed-4477-a667-ff65eb6ec0ed&origin=csv,Italian,,,,Y,bf65c936-896c-41e7-bd63-14482def531d,Italy,Europe,Southern Europe,1750000,monthly-unique-visitors,1,neutral,0.05,,,,,,,,,,,,,,,,,
Italy,20th day,La Repubblica,19/01/2020,00:00:00,Print,https://article.signal-ai.com/313181b3-1f63-3849-8920-cda46f0d08c4?u=351ef292-faed-4477-a667-ff65eb6ec0ed&origin=csv,Italian,,,SPORT,Y,354a2b89-0ba4-480c-a581-0f33d7db62c0,Italy,Europe,Southern Europe,175000,circulation,2,neutral,0.1,,,,,,,,,,,,,,,,,
Italy,"The Naples sunken by church: the Florentine is revived, the Saint Paul cries. Gattuso takes everyone to retreat",LiberoQuotidiano.it,18/01/2020,23:09:02,Online,https://article.signal-ai.com/60baf3d5-b7a1-3710-86e9-48524db3cfdf?u=351ef292-faed-4477-a667-ff65eb6ec0ed&origin=csv,Italian,,,,Y,d9bab135-5e4c-4f68-977a-6135f76d6b5c,Italy,Europe,Southern Europe,875000,monthly-unique-visitors,1,neutral,0.05,,,,,,,,,,,,,,,,,
Italy,"Gattuso “ "" Napoli soulless, the team has chosen to go into retirement”",TuttoSport.com,18/01/2020,23:01:45,Online,https://article.signal-ai.com/ed06aeba-1941-3010-bd44-4521bc52b5f4?u=351ef292-faed-4477-a667-ff65eb6ec0ed&origin=csv,Italian,,,,Y,05b7dabe-8551-4baf-84a4-a6931213053e,Italy,Europe,Southern Europe,625000,monthly-unique-visitors,1,neutral,0.25,,,,,,,,,,,,,,,,,
Italy,"Napoli back in retirement. Gattuso: ""soulless team and embarrassing performance»",Il Messaggero,18/01/2020,22:54:30,Online,https://article.signal-ai.com/4a5f8242-09f5-3079-b309-6fbba66d3c0a?u=351ef292-faed-4477-a667-ff65eb6ec0ed&origin=csv,Italian,,,,Y,703dbb1c-0dd3-4a10-a92f-f76d43f2e1d1,Italy,Europe,Southern Europe,1750000,monthly-unique-visitors,1,neutral,0.25,,,,,,,,,,,,,,,,,
Italy,"Naples-Fiorentina, the baby in tears\nafter the goal of 0-2 goes around the web",Leggo,19/01/2020,00:00:00,Online,https://article.signal-ai.com/6ec108c3-e063-3c10-b12b-f679e82463dc?u=351ef292-faed-4477-a667-ff65eb6ec0ed&origin=csv,Italian,,,,Y,19623bb6-2aa0-4b68-95ef-3f9b7729ad6e,Italy,Europe,Southern Europe,625000,monthly-unique-visitors,1,neutral,0.05,,,,,,,,,,,,,,,,,
Italy,"Football: Gattuso "" Napoli soulless, bottomed out""",ANSA,18/01/2020,22:42:36,Online,https://article.signal-ai.com/33c4eb67-94d1-37d4-9438-44f90abc77fb?u=351ef292-faed-4477-a667-ff65eb6ec0ed&origin=csv,Italian,,,,Y,e6ca183e-6408-4d60-bbcd-df71ee200314,Italy,Europe,Southern Europe,1750000,monthly-unique-visitors,1,neutral,0.25,,,,,,,,,,,,,,,,,
Italy,"Iachini: ""Brava Fiorentina: the right way is this""",TuttoSport.com,18/01/2020,22:37:27,Online,https://article.signal-ai.com/f557a609-4679-35e8-b366-5bd8cb96e847?u=351ef292-faed-4477-a667-ff65eb6ec0ed&origin=csv,Italian,,,,Y,316d3b3e-7946-4d33-8baa-9625d579ddd1,Italy,Europe,Southern Europe,625000,monthly-unique-visitors,1,positive,0.45,,,,,,,,,,,,,,,,,
Italy,"Football: Gattuso "" Napoli soulless, bottomed out""",TuttoSport.com,18/01/2020,22:35:00,Online,https://article.signal-ai.com/afdcad64-9f84-3374-8201-d845595a8654?u=351ef292-faed-4477-a667-ff65eb6ec0ed&origin=csv,Italian,,,,Y,d14941c6-a033-4fb9-b8dd-ddd252602d61,Italy,Europe,Southern Europe,625000,monthly-unique-visitors,1,neutral,0.45,,,,,,,,,,,,,,,,,
Italy,"Napoli, Gattuso apologizes after the knockout with Fiorentina: ""Unguardabili, I hit rock bottom»",Leggo,19/01/2020,00:00:00,Online,https://article.signal-ai.com/a26cfaac-9a75-3b75-9ccf-9d406715a79c?u=351ef292-faed-4477-a667-ff65eb6ec0ed&origin=csv,Italian,,,,Y,5b79d42f-f9d5-4e62-849d-555c52b3b5a2,Italy,Europe,Southern Europe,625000,monthly-unique-visitors,1,neutral,0.25,,,,,,,,,,,,,,,,,
Italy,"Gattuso “"" we have to apologize to the fans and the city, embarrassing performance”",Fanpage.it,18/01/2020,22:23:02,Online,https://article.signal-ai.com/cafc00f0-5afd-310a-9522-07012e66d20b?u=351ef292-faed-4477-a667-ff65eb6ec0ed&origin=csv,Italian,,,,Y,33aecbc7-d8ea-4523-98c3-3a27a1e8ce35,Italy,Europe,Southern Europe,625000,monthly-unique-visitors,2,neutral,0.3,,,,,,,,,,,,,,,,,
Italy,Napoli-Fiorentina 0-2 Serie A: the goals of Chiesa and Vlahovic decide,Fanpage.it,18/01/2020,18:45:18,Online,https://article.signal-ai.com/576466b7-387a-3f76-bf97-dd7d3fe936d8?u=351ef292-faed-4477-a667-ff65eb6ec0ed&origin=csv,Italian,,,,Y,915ba0e7-334d-40c2-826f-1a198a651e57,Italy,Europe,Southern Europe,625000,monthly-unique-visitors,2,neutral,0.1,,,,,,,,,,,,,,,,,
Italy,"Milan, Pioli: ""Ibra is not a figurine but a godsend»",Corriere della Sera,18/01/2020,14:22:29,Online,https://article.signal-ai.com/4fa7b34e-c906-31bc-97c2-2e5a8e91f807?u=351ef292-faed-4477-a667-ff65eb6ec0ed&origin=csv,Italian,,,,Y,6dfd0f24-e530-4623-a023-6d8d50b13e79,Italy,Europe,Southern Europe,1750000,monthly-unique-visitors,1,positive,0.05,,,,,,,,,,,,,,,,,
Italy,NFL Football: Chiefs and 49ers favourites to get to Super Bowl,La Gazzetta Dello Sport,18/01/2020,14:00:00,Online,https://article.signal-ai.com/eddcc1bd-6015-3ede-bc2d-28654a1d7586?u=351ef292-faed-4477-a667-ff65eb6ec0ed&origin=csv,Italian,,,,Y,955aa262-073f-4f18-9482-4534caed7ce8,Italy,Europe,Southern Europe,1750000,monthly-unique-visitors,1,neutral,0.05,,,,,,,,,,,,,,,,,
Italy,"Live Milan, Pioli: ""Udinese with Gotti is dangerous""",La Gazzetta Dello Sport,18/01/2020,12:53:21,Online,https://article.signal-ai.com/9a8e6292-dd2e-30ba-9167-66947842aa17?u=351ef292-faed-4477-a667-ff65eb6ec0ed&origin=csv,Italian,,,,Y,ca821e51-fa42-4ce3-a043-29afcf0731ce,Italy,Europe,Southern Europe,1750000,monthly-unique-visitors,1,neutral,0.25,,,,,,,,,,,,,,,,,
Italy,Football on tv: Saturday 18 January matches,La Stampa,18/01/2020,09:54:00,Online,https://article.signal-ai.com/25612215-8300-3235-9542-909f13eeb103?u=351ef292-faed-4477-a667-ff65eb6ec0ed&origin=csv,Italian,,,,Y,cac08bd2-7d75-49bb-be89-28e0704f22ff,Italy,Europe,Southern Europe,1750000,monthly-unique-visitors,2,neutral,0.1,,,,,,,,,,,,,,,,,
Italy,Live Napoli-Fiorentina at 20.45: official line-ups,TuttoSport.com,18/01/2020,18:36:57,Online,https://article.signal-ai.com/6c5f8e30-ec2c-30da-86c0-ed490f5776e7?u=351ef292-faed-4477-a667-ff65eb6ec0ed&origin=csv,Italian,,,,Y,a9f4a83b-fa50-480d-b73e-998168b2b370,Italy,Europe,Southern Europe,625000,monthly-unique-visitors,4,neutral,0.2,,,,,,,,,,,,,,,,,
Italy,Napoli-Fiorentina at 20.45 on DAZN: where to watch the game on tv and streaming,Fanpage.it,18/01/2020,07:45:11,Online,https://article.signal-ai.com/ce941d88-a12d-3333-be70-5f2e98a8d76e?u=351ef292-faed-4477-a667-ff65eb6ec0ed&origin=csv,Italian,,,,Y,71169087-c959-4d2b-8971-68bdeb9b7a1f,Italy,Europe,Southern Europe,625000,monthly-unique-visitors,7,neutral,1.3,,,,,,,,,,,,,,,,,
Italy,"Football on tv today and tonight: Serie A, Napoli-Fiorentina on DAZN and Lazio-Sampdoria on Sky",Fanpage.it,18/01/2020,07:00:50,Online,https://article.signal-ai.com/0f92c41e-42c2-3a3d-8b31-1d3aa45cb34f?u=351ef292-faed-4477-a667-ff65eb6ec0ed&origin=csv,Italian,,,,Y,601965fb-af9d-4d25-b522-54722a4a9811,Italy,Europe,Southern Europe,625000,monthly-unique-visitors,14,neutral,1.65,,,,,,,,,,,,,,,,,
Italy,Naples Fiorentina,La Repubblica,18/01/2020,00:00:00,Print,https://article.signal-ai.com/31f22f0c-b095-395b-b720-ec6c2311b8e8?u=351ef292-faed-4477-a667-ff65eb6ec0ed&origin=csv,Italian,,,SPORT,Y,cdaa0d89-94cf-4d28-b582-219cdd582ca0,Italy,Europe,Southern Europe,175000,circulation,1,positive,0.05,,,,,,,,,,,,,,,,,
Italy,The other ADVANCE Naples the opportunity is greedy and Rino Gattuso knows it perfectly.,Il Messaggero,18/01/2020,00:00:00,Print,https://article.signal-ai.com/e9e7bfef-289f-35e6-a99a-5bbeb97ffb7f?u=351ef292-faed-4477-a667-ff65eb6ec0ed&origin=csv,Italian,,,Sport,Y,7f41b001-7b3a-488c-98f1-423cc61ffb14,Italy,Europe,Southern Europe,,,1,neutral,0.05,,,,,,,,,,,,,,,,,
Italy,20th day,La Repubblica,18/01/2020,00:00:00,Print,https://article.signal-ai.com/5c7885c4-b109-38d8-8387-34fa2e76fcd4?u=351ef292-faed-4477-a667-ff65eb6ec0ed&origin=csv,Italian,,,SPORT,Y,3628c93e-9214-4aef-9089-0c0d66ca79f2,Italy,Europe,Southern Europe,175000,circulation,3,neutral,0.15,,,,,,,,,,,,,,,,,
Italy,Leotta at Totti spoon class,Il Tempo,17/01/2020,19:06:59,Online,https://article.signal-ai.com/d108680e-d675-3079-ad24-2152ec32fdec?u=351ef292-faed-4477-a667-ff65eb6ec0ed&origin=csv,Italian,,,,Y,2d1936eb-d25c-4310-9468-8652f1c934db,Italy,Europe,Southern Europe,75000,monthly-unique-visitors,2,neutral,0.3,,,,,,,,,,,,,,,,,
Italy,Win Juve-Fiorentina with Diletta Leotta on Wishraiser to support Special Olympics Italy,LiberoQuotidiano.it,17/01/2020,17:51:00,Online,https://article.signal-ai.com/ae8e5b11-2b13-313b-995b-be2fa925d8b6?u=351ef292-faed-4477-a667-ff65eb6ec0ed&origin=csv,Italian,,,,Y,d1162806-2970-4601-8a6c-6d91dcba15a7,Italy,Europe,Southern Europe,875000,monthly-unique-visitors,3,neutral,0.55,,,,,,,,,,,,,,,,,
Italy,"Milan-Udinese, Lecce-Inter and Juventus-Parma: where to watch serie A matches live tv and streaming",Corriere della Sera,17/01/2020,17:33:18,Online,https://article.signal-ai.com/a70fa9e2-93f8-3c53-8ddb-74bb0336a375?u=351ef292-faed-4477-a667-ff65eb6ec0ed&origin=csv,Italian,,,,Y,4d75d19c-51cf-4933-acc6-56875f410acf,Italy,Europe,Southern Europe,1750000,monthly-unique-visitors,3,neutral,0.35,,,,,,,,,,,,,,,,,
Italy,Advances and postponements until the 11th return: Roma v Bologna on Friday evening,Il Messaggero,17/01/2020,17:28:34,Online,https://article.signal-ai.com/488ed88c-9850-306f-b8d2-3ee8f6e8e170?u=351ef292-faed-4477-a667-ff65eb6ec0ed&origin=csv,Italian,,,,Y,57e83f43-8bea-4d35-adaa-7b5ca961cd17,Italy,Europe,Southern Europe,1750000,monthly-unique-visitors,15,neutral,1.35,,,,,,,,,,,,,,,,,
Italy,"Serie A, advances and postponements from the 4th to the 11th day of return",La Gazzetta Dello Sport,17/01/2020,17:00:00,Online,https://article.signal-ai.com/ceb1b3ce-9027-366c-b309-e871514a9392?u=351ef292-faed-4477-a667-ff65eb6ec0ed&origin=csv,Italian,,,,Y,2b6a0c66-e103-4bf3-9618-ac0c5f128bfb,Italy,Europe,Southern Europe,1750000,monthly-unique-visitors,16,neutral,0.8,,,,,,,,,,,,,,,,,
Italy,Advances and postponements from the 23rd to the 30th of the championship,Fanpage.it,20/01/2020,19:17:05,Online,https://article.signal-ai.com/3730dda2-70f1-3a1a-bbad-5639e15f3423?u=351ef292-faed-4477-a667-ff65eb6ec0ed&origin=csv,Italian,,,,Y,88f7c78c-f959-4582-b0cb-2c956ac62994,Italy,Europe,Southern Europe,625000,monthly-unique-visitors,24,neutral,1.2,,,,,,,,,,,,,,,,,
Italy,All advances and postponements: Juve-Inter Sunday 1 March at 20.45,TuttoSport.com,17/01/2020,16:59:49,Online,https://article.signal-ai.com/0632aaa1-f9b8-3828-8600-6802c7943e35?u=351ef292-faed-4477-a667-ff65eb6ec0ed&origin=csv,Italian,,,,Y,e0682bef-cb85-4629-8745-07af849b6669,Italy,Europe,Southern Europe,625000,monthly-unique-visitors,24,neutral,1.8,,,,,,,,,,,,,,,,,
Italy,Football on tv: tonight's matches,La Stampa,17/01/2020,16:27:00,Online,https://article.signal-ai.com/a4858b7d-5ca5-395a-87de-5c1ea8eeb227?u=351ef292-faed-4477-a667-ff65eb6ec0ed&origin=csv,Italian,,,,Y,df019d60-eb7a-422d-a9a2-21884c40d393,Italy,Europe,Southern Europe,1750000,monthly-unique-visitors,1,neutral,0.05,,,,,,,,,,,,,,,,,
Italy,"Serie A, advances and postponements from 23rd to 30th day",Corriere della Sera,17/01/2020,16:01:19,Online,https://article.signal-ai.com/8a3105f0-6953-3e3b-83f5-0fdb81c0dae3?u=351ef292-faed-4477-a667-ff65eb6ec0ed&origin=csv,Italian,,,,Y,50ee08ef-18a9-4be8-bbbf-458dbe837cb9,Italy,Europe,Southern Europe,1750000,monthly-unique-visitors,1,neutral,0.25,,,,,,,,,,,,,,,,,
Italy,Diletta Leotta in 'Spoons' lesson by Francesco Totti,La Repubblica,17/01/2020,13:31:32,Online,https://article.signal-ai.com/c8cb4c32-30df-3c91-a6ac-23d7e9932625?u=351ef292-faed-4477-a667-ff65eb6ec0ed&origin=csv,Italian,,,,Y,de40c5f3-1f01-4200-95e2-d2cf7d98521c,Italy,Europe,Southern Europe,3750000,monthly-unique-visitors,1,neutral,0.25,,,,,,,,,,,,,,,,,
Italy,"Francesco Totti's lesson to Diletta Leotta: ""he taught me how to make a spoon""",La Repubblica,17/01/2020,12:38:16,Online,https://article.signal-ai.com/53b9e08d-772f-3179-b1ba-48320b2ed339?u=351ef292-faed-4477-a667-ff65eb6ec0ed&origin=csv,Italian,,,,Y,469c5845-5761-49bd-928f-f7d1febfd68e,Italy,Europe,Southern Europe,3750000,monthly-unique-visitors,1,neutral,0.25,,,,,,,,,,,,,,,,,
Italy,"Direct Frosinone-Pordenone at 21, probable formations. Where to see it on tv",TuttoSport.com,17/01/2020,12:20:03,Online,https://article.signal-ai.com/1f0d1815-cac9-3c37-ba89-8a8fd74d6773?u=351ef292-faed-4477-a667-ff65eb6ec0ed&origin=csv,Italian,,,,Y,7ad582f7-b6f6-4ea8-9d19-467d09e1cf6d,Italy,Europe,Southern Europe,625000,monthly-unique-visitors,1,neutral,0.05,,,,,,,,,,,,,,,,,
Italy,"Football on tv today: Frosinone-Pordenone for Serie B, then Liga and Bundesliga",Fanpage.it,17/01/2020,07:00:47,Online,https://article.signal-ai.com/c3877680-b1ca-398c-b63f-6cf5c17df4cc?u=351ef292-faed-4477-a667-ff65eb6ec0ed&origin=csv,Italian,,,,Y,7b5d6e9d-be88-4edd-a926-15f15fc8812a,Italy,Europe,Southern Europe,625000,monthly-unique-visitors,5,neutral,0.25,,,,,,,,,,,,,,,,,
Italy,"House Cosmi "" free from tv I'm myself""",La Repubblica,17/01/2020,00:00:00,Print,https://article.signal-ai.com/268bb36f-0be3-3a47-9b40-588d367fd28d?u=351ef292-faed-4477-a667-ff65eb6ec0ed&origin=csv,Italian,,,SPORT,Y,4f09aeed-b3f9-49dc-b4cf-684429be8b6e,Italy,Europe,Southern Europe,175000,circulation,1,neutral,0.05,,,,,,,,,,,,,,,,,
Italy,"Between goals to kick and new life, Totti still likes (everyone)",Vanityfair.it,16/01/2020,17:36:05,Online,https://article.signal-ai.com/9112ce7b-7c4f-3a54-8bc6-046bc4cc7a11?u=351ef292-faed-4477-a667-ff65eb6ec0ed&origin=csv,Italian,,,,Y,c807c21b-d523-4fc5-a508-5a0890869ef6,Italy,Europe,Southern Europe,175000,monthly-unique-visitors,1,negative,0.05,,,,,,,,,,,,,,,,,
Italy,"How to cancel a contract with Sky, Tim, Vodafone, Fastweb, Netflix",Panorama (Italy),16/01/2020,09:48:11,Online,https://article.signal-ai.com/3a7fde55-0913-38a5-a6ef-2a7441d6d62b?u=351ef292-faed-4477-a667-ff65eb6ec0ed&origin=csv,Italian,,,,Y,05e90353-110b-4606-b6b6-9f07597e2f09,Italy,Europe,Southern Europe,375000,monthly-unique-visitors,2,neutral,0.3,,,,,,,,,,,,,,,,,
Italy,"The first time he talked about this idea, his friends thought he would...",La Repubblica,16/01/2020,00:00:00,Print,https://article.signal-ai.com/9cf08a9f-1b84-3ca5-b3f6-62338186743d?u=351ef292-faed-4477-a667-ff65eb6ec0ed&origin=csv,Italian,,,SPORT,Y,dc2d457e-f14a-4512-a290-e9f746ffe3e5,Italy,Europe,Southern Europe,175000,circulation,1,neutral,0.05,,,,,,,,,,,,,,,,,
Italy,"The former captain on the withdrawal; TOTTI: ""I suffered 2 years; at ROMA? NEVER SAY NEVER»",Il Giornale,16/01/2020,00:00:00,Print,https://article.signal-ai.com/d60b0234-76c2-3a45-8866-058a0da946ac?u=351ef292-faed-4477-a667-ff65eb6ec0ed&origin=csv,Italian,,,,Y,97ce4bbe-ea94-4f8b-8448-44944a7fb6e0,Italy,Europe,Southern Europe,75000,circulation,1,neutral,0.45,,,,,,,,,,,,,,,,,
Italy,Francesco Totti answers to Diletta Leotta: the truth about the farewell to Rome,Leggo,16/01/2020,00:00:00,Online,https://article.signal-ai.com/ba4dabc2-6cf2-392e-9de8-993e115f1ef1?u=351ef292-faed-4477-a667-ff65eb6ec0ed&origin=csv,Italian,,,,Y,8d9b9cbf-8e53-475d-bfd1-2d6e175b27e2,Italy,Europe,Southern Europe,625000,monthly-unique-visitors,1,neutral,0.25,,,,,,,,,,,,,,,,,
Italy,"Sanremo 2020, Amadeus ' sexist gaffe? He slams Instagram after controversy",Il Messaggero,16/01/2020,00:00:00,Online,https://article.signal-ai.com/e32f3d0c-ad20-3a10-bd6d-800529f35df7?u=351ef292-faed-4477-a667-ff65eb6ec0ed&origin=csv,Italian,,,,Y,6c914eb1-14f5-45e3-afe6-f798b99cd43b,Italy,Europe,Southern Europe,1750000,monthly-unique-visitors,1,neutral,0.05,,,,,,,,,,,,,,,,,
Italy,Amadeus ' sexist Gaffe? He slams Instagram after controversy,Leggo,16/01/2020,00:00:00,Online,https://article.signal-ai.com/ea67c16e-1a1e-3cea-a5e8-e57348dea2c1?u=351ef292-faed-4477-a667-ff65eb6ec0ed&origin=csv,Italian,,,,N,6c914eb1-14f5-45e3-afe6-f798b99cd43b,Italy,Europe,Southern Europe,625000,monthly-unique-visitors,1,neutral,0.05,,,,,,,,,,,,,,,,,
Italy,"Sanremo 2020, gaffe on Mahmood at press conference: how they called the singer",Leggo,16/01/2020,00:00:00,Online,https://article.signal-ai.com/d37fd525-da9e-385a-9803-89c5341ed161?u=351ef292-faed-4477-a667-ff65eb6ec0ed&origin=csv,Italian,,,,Y,23b637e5-cf17-4d1b-a9cf-f7769f30e20a,Italy,Europe,Southern Europe,625000,monthly-unique-visitors,1,neutral,0.05,,,,,,,,,,,,,,,,,
Italy,"Messi, Ronaldo's nostalgia: ""challenging him was special""",TuttoSport.com,15/01/2020,18:03:24,Online,https://article.signal-ai.com/92b7e33d-f093-38d7-867a-e344f0c9c7b0?u=351ef292-faed-4477-a667-ff65eb6ec0ed&origin=csv,Italian,,,,Y,45274c04-de4f-4870-bb88-991f400f44b3,Italy,Europe,Southern Europe,625000,monthly-unique-visitors,1,neutral,0.25,,,,,,,,,,,,,,,,,
Italy,"Football: Roma; Totti, return with other leadership? Never say never",ANSA,15/01/2020,17:38:02,Online,https://article.signal-ai.com/a8e365a0-d001-38f7-9786-640d7e13e6a7?u=351ef292-faed-4477-a667-ff65eb6ec0ed&origin=csv,Italian,,,,Y,71eb72da-e67a-4983-bfa4-66da0201f047,Italy,Europe,Southern Europe,1750000,monthly-unique-visitors,1,neutral,0.25,,,,,,,,,,,,,,,,,
Italy,"Football: Roma; Totti, return with other leadership? Never say never",TuttoSport.com,15/01/2020,17:34:00,Online,https://article.signal-ai.com/59c804d7-78b1-3b96-bdba-31045078cb95?u=351ef292-faed-4477-a667-ff65eb6ec0ed&origin=csv,Italian,,,,Y,29628f55-c340-49ac-be88-7cd2c1c0bf60,Italy,Europe,Southern Europe,625000,monthly-unique-visitors,1,neutral,0.25,,,,,,,,,,,,,,,,,
Italy,"Messi “"" Maffeo the toughest opponent who marked me”",La Gazzetta Dello Sport,15/01/2020,16:40:00,Online,https://article.signal-ai.com/16238b4e-af88-3659-8b21-bd97fc0f796b?u=351ef292-faed-4477-a667-ff65eb6ec0ed&origin=csv,Italian,,,,Y,7c3280c4-ebdd-471f-ae3d-a05f21d7030f,Italy,Europe,Southern Europe,1750000,monthly-unique-visitors,1,neutral,0.25,,,,,,,,,,,,,,,,,
Italy,"Totti “ "" return to Roma? Never say never! I would have been a bulky executive”",Fanpage.it,15/01/2020,14:52:35,Online,https://article.signal-ai.com/85d80af9-a8a6-3097-ae5f-0c5b090aa3b2?u=351ef292-faed-4477-a667-ff65eb6ec0ed&origin=csv,Italian,,,,Y,3c1f7341-5c7c-444d-9f19-df9939067a3b,Italy,Europe,Southern Europe,625000,monthly-unique-visitors,2,neutral,0.7,,,,,,,,,,,,,,,,,
Italy,Getting rid of phone and tv company contracts,Panorama (Italy),15/01/2020,14:42:01,Online,https://article.signal-ai.com/53a970f0-7a6d-31d8-82b2-b67642453792?u=351ef292-faed-4477-a667-ff65eb6ec0ed&origin=csv,Italian,,,,Y,df252818-2e7e-4951-b28b-0c3eec27fe00,Italy,Europe,Southern Europe,375000,monthly-unique-visitors,1,positive,0.05,,,,,,,,,,,,,,,,,
Italy,"Totti: ""I was too bulky at Roma. Return with other property? Never say never»",Il Messaggero,15/01/2020,14:27:33,Online,https://article.signal-ai.com/4efe390d-38ec-3b51-9d07-4a9c08102b78?u=351ef292-faed-4477-a667-ff65eb6ec0ed&origin=csv,Italian,,,,Y,54c5db88-6a1a-469d-abcc-16cbcafb890b,Italy,Europe,Southern Europe,1750000,monthly-unique-visitors,1,neutral,0.25,,,,,,,,,,,,,,,,,
Italy,"Totti “ "" away from Rome because I was bulky”",La Gazzetta Dello Sport,15/01/2020,14:30:00,Online,https://article.signal-ai.com/285aaf11-03d3-3fa3-9d6a-ac270e12d7d1?u=351ef292-faed-4477-a667-ff65eb6ec0ed&origin=csv,Italian,,,,Y,36b9435c-1f21-4c35-b4dd-2a0f148a87f1,Italy,Europe,Southern Europe,1750000,monthly-unique-visitors,1,neutral,0.05,,,,,,,,,,,,,,,,,
Italy,Georgina Rodriguez regina on social media: earns 4 million euros a year,Il Giornale,15/01/2020,14:09:52,Online,https://article.signal-ai.com/fcfdccbb-8799-3d97-9e23-b2ff0e19f6e4?u=351ef292-faed-4477-a667-ff65eb6ec0ed&origin=csv,Italian,,,,Y,ca18a6fe-66f7-4e1a-a66d-eb31c87a889d,Italy,Europe,Southern Europe,1750000,monthly-unique-visitors,1,neutral,0.25,,,,,,,,,,,,,,,,,
Italy,"""The winner of Sanremo 2019 is Mohamed”, gaffe by Francesca Sofia Novello at the premiere of the 2020 Festival",Fanpage.it,15/01/2020,09:58:45,Online,https://article.signal-ai.com/4e317bff-addd-3033-a0bc-e6d799ad65a0?u=351ef292-faed-4477-a667-ff65eb6ec0ed&origin=csv,Italian,,,,Y,6cefb317-a8f0-485b-9dca-2f2dcc0cc745,Italy,Europe,Southern Europe,625000,monthly-unique-visitors,2,positive,0.3,,,,,,,,,,,,,,,,,
Italy,"Beloved Leotta: ""the Ariston will be my stadium, I will feel like in San Siro!""",La Gazzetta Dello Sport,15/01/2020,10:22:02,Online,https://article.signal-ai.com/2f90429d-4a65-329b-8c5c-e6ec719a9647?u=351ef292-faed-4477-a667-ff65eb6ec0ed&origin=csv,Italian,,,,Y,76b00124-cca1-4c87-8558-5241be241dc4,Italy,Europe,Southern Europe,1750000,monthly-unique-visitors,1,positive,0.05,,,,,,,,,,,,,,,,,
Italy,"Beloved Leotta, the Ariston will be my Stadium",ANSA,15/01/2020,08:55:13,Online,https://article.signal-ai.com/9cf53e78-4cc4-3be4-bf1c-be2114767e1f?u=351ef292-faed-4477-a667-ff65eb6ec0ed&origin=csv,Italian,,,,N,76b00124-cca1-4c87-8558-5241be241dc4,Italy,Europe,Southern Europe,1750000,monthly-unique-visitors,1,positive,0.05,,,,,,,,,,,,,,,,,
Italy,"Diletta Leotta before and after, the evolution of the host of Sanremo 2020",Fanpage.it,15/01/2020,08:26:54,Online,https://article.signal-ai.com/ffd66133-206f-3df4-b015-98ef2442c84b?u=351ef292-faed-4477-a667-ff65eb6ec0ed&origin=csv,Italian,,,,Y,61d39754-9343-484c-a021-7ea896658dd9,Italy,Europe,Southern Europe,625000,monthly-unique-visitors,1,positive,0.05,,,,,,,,,,,,,,,,,
Italy,Flower Queens Amadeus card is a feminine Sanremo,La Repubblica,15/01/2020,00:00:00,Print,https://article.signal-ai.com/cdce90b5-98b3-3eaa-a282-6d7183d86f99?u=351ef292-faed-4477-a667-ff65eb6ec0ed&origin=csv,Italian,,,SPETTACOLI,Y,7d94f9dc-7155-4414-b3e5-a7b38a7f737a,Italy,Europe,Southern Europe,175000,circulation,1,neutral,0.05,,,,,,,,,,,,,,,,,
Italy,Chessidice in avenue of publishing,ItaliaOggi,15/01/2020,00:00:00,Print,https://article.signal-ai.com/6abad0b8-d8ab-37e4-87ed-25f0b3dccb7f?u=351ef292-faed-4477-a667-ff65eb6ec0ed&origin=csv,Italian,,,,Y,03a395c4-bf1e-4211-a772-ca1bedbf396e,Italy,Europe,Southern Europe,75000,circulation,1,neutral,0.05,,,,,,,,,,,,,,,,,
Italy,"Rugby, a Jesi Zebre challenge South Africans",ANSA,14/01/2020,18:46:37,Online,https://article.signal-ai.com/c96281f2-cfd4-3aa4-891f-aaae57fc47eb?u=351ef292-faed-4477-a667-ff65eb6ec0ed&origin=csv,Italian,,,,Y,cb3b5c52-35c1-47b5-af6e-35d2f2852ea1,Italy,Europe,Southern Europe,1750000,monthly-unique-visitors,1,neutral,0.25,,,,,,,,,,,,,,,,,
Italy,"Sanremo, beloved Leotta: ""the Ariston like San Siro, this time I get on the field too»",Corriere della Sera,14/01/2020,18:43:14,Online,https://article.signal-ai.com/96088dc8-10d8-303b-8231-70fecd97b9ae?u=351ef292-faed-4477-a667-ff65eb6ec0ed&origin=csv,Italian,,,,Y,7221d467-d63b-4f5f-9bad-159dd34e8332,Italy,Europe,Southern Europe,1750000,monthly-unique-visitors,1,positive,0.25,,,,,,,,,,,,,,,,,
Italy,"Beloved Leotta, the Ariston will be my Stadium",ANSA,14/01/2020,17:53:51,Online,https://article.signal-ai.com/f59c895f-1d36-3d47-923a-3b20073e3dc2?u=351ef292-faed-4477-a667-ff65eb6ec0ed&origin=csv,Italian,,,,Y,ca3827ae-5787-4302-9ffe-0badc47f3e1b,Italy,Europe,Southern Europe,1750000,monthly-unique-visitors,1,positive,0.25,,,,,,,,,,,,,,,,,
Italy,"Sanremo 2020, beloved Leotta studies as a star: ""the Ariston will be my Bernabeu»",Il Messaggero,14/01/2020,18:33:14,Online,https://article.signal-ai.com/f97a5b16-7f5c-3335-91b6-c965e9db193c?u=351ef292-faed-4477-a667-ff65eb6ec0ed&origin=csv,Italian,,,,Y,57601881-05f5-4d14-bd67-01ee4d54dd0a,Italy,Europe,Southern Europe,1750000,monthly-unique-visitors,1,positive,0.25,,,,,,,,,,,,,,,,,
Italy,Georgina Rodriguez and Diletta Leotta vallette in Sanremo 2020,TuttoSport.com,14/01/2020,15:12:00,Online,https://article.signal-ai.com/c723abda-55b1-30a4-8beb-2f6c900aafb1?u=351ef292-faed-4477-a667-ff65eb6ec0ed&origin=csv,Italian,,,,Y,feb7705f-c6c4-4a98-8a28-13c0c9f02d19,Italy,Europe,Southern Europe,625000,monthly-unique-visitors,1,neutral,0.05,,,,,,,,,,,,,,,,,
Italy,Georgina in Sanremo: lady Ronaldo in the temple of Italian tv,La Gazzetta Dello Sport,14/01/2020,13:41:51,Online,https://article.signal-ai.com/5c1b3abe-7f2c-3208-bc73-4f91e03b2d6b?u=351ef292-faed-4477-a667-ff65eb6ec0ed&origin=csv,Italian,,,,Y,87841b98-39ab-4bb4-9d72-e10e37e04580,Italy,Europe,Southern Europe,1750000,monthly-unique-visitors,1,neutral,0.05,,,,,,,,,,,,,,,,,
Italy,Monica Bellucci and Alketa Vejsiu among the 10 women of the Festival,Fanpage.it,16/01/2020,16:42:53,Online,https://article.signal-ai.com/14ae409f-f620-3951-ace0-586de7be4a18?u=351ef292-faed-4477-a667-ff65eb6ec0ed&origin=csv,Italian,,,,Y,dfe50071-ae42-40b1-a5a9-a73cdc87263f,Italy,Europe,Southern Europe,625000,monthly-unique-visitors,1,positive,0.05,,,,,,,,,,,,,,,,,
Italy,Sensi brings fans to derby: the initiative to help athletes with intellectual disabilities,La Gazzetta Dello Sport,14/01/2020,09:25:23,Online,https://article.signal-ai.com/afb39642-350d-3295-a9de-d6e1dea6d8e8?u=351ef292-faed-4477-a667-ff65eb6ec0ed&origin=csv,Italian,,,,Y,2e0a6c1b-0554-479a-9526-506b60111a9c,Italy,Europe,Southern Europe,1750000,monthly-unique-visitors,1,neutral,0.05,,,,,,,,,,,,,,,,,
Italy,Mara Venier will be at the final evening of Sanremo,Fanpage.it,16/01/2020,17:00:29,Online,https://article.signal-ai.com/48111643-dd67-30e4-95ac-d5cc48acdf63?u=351ef292-faed-4477-a667-ff65eb6ec0ed&origin=csv,Italian,,,,Y,ccab054a-55d8-4e69-87fa-8b513038d967,Italy,Europe,Southern Europe,625000,monthly-unique-visitors,1,positive,0.25,,,,,,,,,,,,,,,,,
Italy,SPORT and BAGATELLE; made in Italy by Commisso; Spalletti uses brute force,Il Giornale,13/01/2020,00:00:00,Print,https://article.signal-ai.com/fc638c48-e45b-36d4-8988-417e2dcdf7ab?u=351ef292-faed-4477-a667-ff65eb6ec0ed&origin=csv,Italian,,,,Y,d6b50c64-2dfd-4397-bc97-c90d24ffa251,Italy,Europe,Southern Europe,75000,circulation,1,neutral,0.05,,,,,,,,,,,,,,,,,
Italy,"Corini: ""what a blow, so not. We need backup on the market.""",La Gazzetta Dello Sport,12/01/2020,16:36:57,Online,https://article.signal-ai.com/d8b241b9-5bae-3999-9dd9-7d6cfe17cf6b?u=351ef292-faed-4477-a667-ff65eb6ec0ed&origin=csv,Italian,,,,Y,65b46f3b-4fb1-4f16-bba9-c11f88f1d4f1,Italy,Europe,Southern Europe,1750000,monthly-unique-visitors,1,neutral,0.05,,,,,,,,,,,,,,,,,
Italy,"Sampdoria, Ranieri after victory with Brescia",La Gazzetta Dello Sport,12/01/2020,16:40:00,Online,https://article.signal-ai.com/46341cde-cc7d-3198-b0ec-363f657b34ef?u=351ef292-faed-4477-a667-ff65eb6ec0ed&origin=csv,Italian,,,,Y,b2ba21a4-d870-46e9-b9f6-798ca9f45c06,Italy,Europe,Southern Europe,1750000,monthly-unique-visitors,1,neutral,0.25,,,,,,,,,,,,,,,,,
Italy,"Sampdoria-Brescia: all for Balo, \n\tBalo per tutti / la diretta",Corriere della Sera,12/01/2020,14:40:03,Online,https://article.signal-ai.com/3a911d50-7b13-372a-bf25-75a1185206ec?u=351ef292-faed-4477-a667-ff65eb6ec0ed&origin=csv,Italian,,,,Y,71f7b2f9-a2e9-4c57-892b-b3f82d34c6b5,Italy,Europe,Southern Europe,1750000,monthly-unique-visitors,1,neutral,0.05,,,,,,,,,,,,,,,,,
Italy,"Sassuolo, De Zerbi: ""we hope not to lose any more players...""",TuttoSport.com,12/01/2020,14:31:41,Online,https://article.signal-ai.com/3ed70252-e12a-3159-9626-0600233a5ae1?u=351ef292-faed-4477-a667-ff65eb6ec0ed&origin=csv,Italian,,,,Y,ee0248e8-aadc-4318-9acb-0e8ec01e2383,Italy,Europe,Southern Europe,625000,monthly-unique-visitors,1,neutral,0.45,,,,,,,,,,,,,,,,,
Italy,"Udinese, Gotti warns: ""return Group will be faced with humility""",TuttoSport.com,12/01/2020,14:25:36,Online,https://article.signal-ai.com/b103edd1-0b00-3124-ae79-e69654e2f5e7?u=351ef292-faed-4477-a667-ff65eb6ec0ed&origin=csv,Italian,,,,Y,bf725776-3241-4163-b0f1-ce23a3ec3dfe,Italy,Europe,Southern Europe,625000,monthly-unique-visitors,1,neutral,0.25,,,,,,,,,,,,,,,,,
Italy,"De Zerbi: ""absences weigh, but we can not lose more points""",La Gazzetta Dello Sport,12/01/2020,14:15:29,Online,https://article.signal-ai.com/6df22e4b-8b43-3cdf-91d7-6cf03a158f3e?u=351ef292-faed-4477-a667-ff65eb6ec0ed&origin=csv,Italian,,,,Y,0db8678b-5ce2-4cc8-857b-9d51104e2727,Italy,Europe,Southern Europe,1750000,monthly-unique-visitors,1,neutral,0.05,,,,,,,,,,,,,,,,,
Italy,"Udinese, Gotti: ""with Criterion and humility we will have beautiful satisfactions""",La Gazzetta Dello Sport,12/01/2020,14:10:00,Online,https://article.signal-ai.com/ea577a5b-c77b-3396-9005-0c8bcb1dfe9b?u=351ef292-faed-4477-a667-ff65eb6ec0ed&origin=csv,Italian,,,,Y,c61a657b-7c24-4893-aa1a-c9f835594f13,Italy,Europe,Southern Europe,1750000,monthly-unique-visitors,1,neutral,0.05,,,,,,,,,,,,,,,,,
Italy,"De Paul: ""We're finally a team. Market? I don't think about it""",La Gazzetta Dello Sport,12/01/2020,14:15:38,Online,https://article.signal-ai.com/dd868729-dfff-3827-8288-b2369a2afa48?u=351ef292-faed-4477-a667-ff65eb6ec0ed&origin=csv,Italian,,,,Y,a394d88c-cbde-4d58-be5e-d48de3b21d01,Italy,Europe,Southern Europe,1750000,monthly-unique-visitors,1,neutral,0.25,,,,,,,,,,,,,,,,,
Italy,"Gasperini puzzled: ""absurd the penalty not given"". Handanovic saves Inter",Il Giornale,12/01/2020,11:52:50,Online,https://article.signal-ai.com/997dd031-1f4e-3b11-8500-9d0378e889d8?u=351ef292-faed-4477-a667-ff65eb6ec0ed&origin=csv,Italian,,,,Y,77cf233f-faaf-437c-84c2-8d71aedb037a,Italy,Europe,Southern Europe,1750000,monthly-unique-visitors,1,negative,0.45,,,,,,,,,,,,,,,,,
Italy,"Inter, Conte in pressing: ""we are always counted"". You unlock the market?",Il Giornale,12/01/2020,10:22:57,Online,https://article.signal-ai.com/047f8787-9fcc-3502-9567-bf461ab75871?u=351ef292-faed-4477-a667-ff65eb6ec0ed&origin=csv,Italian,,,,Y,9ecb4b50-9bee-4ed1-b4bd-200d191bc2dd,Italy,Europe,Southern Europe,1750000,monthly-unique-visitors,1,neutral,0.05,,,,,,,,,,,,,,,,,
Italy,"Inter, Conte in pressing: ""we are always counted"". You unlock the market?",Il Giornale,12/01/2020,10:12:58,Blog,https://article.signal-ai.com/69ecaecd-1cec-317a-a91c-99ef00b2f625?u=351ef292-faed-4477-a667-ff65eb6ec0ed&origin=csv,Italian,,,,N,9ecb4b50-9bee-4ed1-b4bd-200d191bc2dd,Italy,Europe,Southern Europe,625000,monthly-unique-visitors,1,neutral,0.05,,,,,,,,,,,,,,,,,
Italy,Udinese-Sassuolo live hours 12.30: must see it on tv and official training,TuttoSport.com,12/01/2020,11:21:00,Online,https://article.signal-ai.com/f9b3bf43-0fb2-3f79-92ab-56faa12c2e1b?u=351ef292-faed-4477-a667-ff65eb6ec0ed&origin=csv,Italian,,,,Y,ce3c064c-6781-4b7d-86d5-45639069ecfd,Italy,Europe,Southern Europe,625000,monthly-unique-visitors,3,neutral,0.15,,,,,,,,,,,,,,,,,
Italy,Serie A today on tv: where to see Roma-Juventus and all matches live on Sky and DAZN,Fanpage.it,12/01/2020,07:30:21,Online,https://article.signal-ai.com/247cc307-ba6a-3e45-9ad6-3669cdae3fb1?u=351ef292-faed-4477-a667-ff65eb6ec0ed&origin=csv,Italian,,,,Y,a04c95bc-fadd-486e-a37a-ce49d535362d,Italy,Europe,Southern Europe,625000,monthly-unique-visitors,9,neutral,1.8,,,,,,,,,,,,,,,,,
Italy,"Football on tv, January 12: Sunday on the pitch",La Stampa,12/01/2020,06:03:44,Online,https://article.signal-ai.com/4f51635b-5831-3993-9148-33b6063700a2?u=351ef292-faed-4477-a667-ff65eb6ec0ed&origin=csv,Italian,,,,Y,e95355cd-12b4-43b4-aedd-88af92be86c9,Italy,Europe,Southern Europe,1750000,monthly-unique-visitors,2,neutral,0.1,,,,,,,,,,,,,,,,,
Italy,"The interview the double ex bet on Dybala but wait for a goal from Dzeko; Balzaretti: ""Sarri is good to sting Adrien»",Corriere della Sera,12/01/2020,00:00:00,Print,https://article.signal-ai.com/118618cb-f9fb-300b-b201-1035a93381c5?u=351ef292-faed-4477-a667-ff65eb6ec0ed&origin=csv,Italian,,,Sport,Y,f94df144-37eb-43b6-b3da-770dc36635cb,Italy,Europe,Southern Europe,375000,circulation,3,neutral,0.55,,,,,,,,,,,,,,,,,
Italy,"SAMPDORIA BRESCIA; all for Balo, Mario for all",Corriere della Sera,12/01/2020,00:00:00,Print,https://article.signal-ai.com/6639c500-6586-3646-8681-0142c928e513?u=351ef292-faed-4477-a667-ff65eb6ec0ed&origin=csv,Italian,,,Sport,Y,f9413745-e274-4c31-a4b9-426d328b6a18,Italy,Europe,Southern Europe,375000,circulation,2,neutral,0.1,,,,,,,,,,,,,,,,,
Italy,19th day,La Repubblica,12/01/2020,00:00:00,Print,https://article.signal-ai.com/362446ab-120d-313a-88cb-40763e60055c?u=351ef292-faed-4477-a667-ff65eb6ec0ed&origin=csv,Italian,,,SPORT,Y,117f0ced-6b63-456a-beeb-12e79234f00f,Italy,Europe,Southern Europe,175000,circulation,2,neutral,0.1,,,,,,,,,,,,,,,,,
Italy,"Count :"" I have a rose too short and tight»",Il Messaggero,11/01/2020,22:39:41,Online,https://article.signal-ai.com/07f46ebf-478a-3cba-a6f0-0c8b7e3491c4?u=351ef292-faed-4477-a667-ff65eb6ec0ed&origin=csv,Italian,,,,Y,102a0dc8-2013-4ec7-a2ee-fe065d588799,Italy,Europe,Southern Europe,1750000,monthly-unique-visitors,1,neutral,0.05,,,,,,,,,,,,,,,,,
Italy,"Count :"" I have a rose too short and tight»",Leggo,11/01/2020,00:00:00,Online,https://article.signal-ai.com/9aa781f0-a8a4-3534-abf6-8d7864849805?u=351ef292-faed-4477-a667-ff65eb6ec0ed&origin=csv,Italian,,,,N,102a0dc8-2013-4ec7-a2ee-fe065d588799,Italy,Europe,Southern Europe,625000,monthly-unique-visitors,1,neutral,0.05,,,,,,,,,,,,,,,,,
Italy,"Football: Conte, rosa Inter too short and tight",ANSA,11/01/2020,22:35:24,Online,https://article.signal-ai.com/64205f27-3951-31fd-9e6a-269591ab13c5?u=351ef292-faed-4477-a667-ff65eb6ec0ed&origin=csv,Italian,,,,N,102a0dc8-2013-4ec7-a2ee-fe065d588799,Italy,Europe,Southern Europe,1750000,monthly-unique-visitors,1,neutral,0.05,,,,,,,,,,,,,,,,,
Italy,"Count “ "" absences weigh. Vidal? Management task”",TuttoSport.com,11/01/2020,22:39:10,Online,https://article.signal-ai.com/72e646dd-f263-3984-809a-77e50a6afc40?u=351ef292-faed-4477-a667-ff65eb6ec0ed&origin=csv,Italian,,,,Y,638a6a92-045e-4a97-9e53-8d413afd1efd,Italy,Europe,Southern Europe,625000,monthly-unique-visitors,1,neutral,0.05,,,,,,,,,,,,,,,,,
Italy,"Gasperini polemic “ "" Toloi's penalty is clear, everyone saw it but not the VAR”",Fanpage.it,11/01/2020,22:29:38,Online,https://article.signal-ai.com/072616bd-660d-3532-b426-108a7692e180?u=351ef292-faed-4477-a667-ff65eb6ec0ed&origin=csv,Italian,,,,Y,61f8fd22-05b4-4fe9-bf16-94308316a820,Italy,Europe,Southern Europe,625000,monthly-unique-visitors,1,negative,0.05,,,,,,,,,,,,,,,,,
Italy,"Gasperini recriminates: ""incredible penalty not given to Toloi»",Il Messaggero,11/01/2020,22:43:10,Online,https://article.signal-ai.com/506b7bcd-5ba8-3722-a125-ab3c93db650e?u=351ef292-faed-4477-a667-ff65eb6ec0ed&origin=csv,Italian,,,,Y,fd459d8d-1bc9-413c-aa09-b6817302ee0a,Italy,Europe,Southern Europe,1750000,monthly-unique-visitors,1,negative,0.25,,,,,,,,,,,,,,,,,
Italy,"Football: Gasperini protest, incomprehensible penalty not given",ANSA,11/01/2020,22:26:49,Online,https://article.signal-ai.com/34b9cbdf-4d1f-3f83-8da2-7fabce784370?u=351ef292-faed-4477-a667-ff65eb6ec0ed&origin=csv,Italian,,,,N,fd459d8d-1bc9-413c-aa09-b6817302ee0a,Italy,Europe,Southern Europe,1750000,monthly-unique-visitors,1,negative,0.25,,,,,,,,,,,,,,,,,
Italy,"Gasperini: ""I've never seen Inter suffer like this. Toloi? Serious error""",TuttoSport.com,11/01/2020,22:25:43,Online,https://article.signal-ai.com/baddc1af-dfc6-3cbe-913a-fc8e868931a2?u=351ef292-faed-4477-a667-ff65eb6ec0ed&origin=csv,Italian,,,,Y,4dc69b04-a19b-49e9-b91c-287dcbdabdbd,Italy,Europe,Southern Europe,625000,monthly-unique-visitors,1,neutral,0.45,,,,,,,,,,,,,,,,,
Italy,"Atalanta, Gasperini after 1-1 with Inter: ""penalty on Toloi? They all see, only the Var does not see...""",La Gazzetta Dello Sport,11/01/2020,22:20:00,Online,https://article.signal-ai.com/66c5ddac-52db-3e79-a1ec-f4ebf90ffdf6?u=351ef292-faed-4477-a667-ff65eb6ec0ed&origin=csv,Italian,,,,Y,4af124ad-d68e-4cdd-b87d-3fd79adca2d7,Italy,Europe,Southern Europe,1750000,monthly-unique-visitors,1,neutral,0.25,,,,,,,,,,,,,,,,,
Italy,"Gosens: ""we have dominated, we are missing two points. I was unknown then...""",La Gazzetta Dello Sport,11/01/2020,22:03:02,Online,https://article.signal-ai.com/e68a53aa-630b-35b2-9a07-1d432585e28b?u=351ef292-faed-4477-a667-ff65eb6ec0ed&origin=csv,Italian,,,,Y,dc640911-c517-4a74-9536-5705289e848b,Italy,Europe,Southern Europe,1750000,monthly-unique-visitors,1,neutral,0.05,,,,,,,,,,,,,,,,,
Italy,"Football: Marotta, Young and Giroud? In the short nothing, we evaluate",ANSA,11/01/2020,20:09:13,Online,https://article.signal-ai.com/ee97b7cf-4222-3c2d-8c30-ea1da8227ced?u=351ef292-faed-4477-a667-ff65eb6ec0ed&origin=csv,Italian,,,,Y,e192a736-e8a3-4f93-bb7c-7d0fe4b8c4d0,Italy,Europe,Southern Europe,1750000,monthly-unique-visitors,1,neutral,0.45,,,,,,,,,,,,,,,,,
Italy,Football on tv: Saturday 11 January matches,La Stampa,11/01/2020,11:23:35,Online,https://article.signal-ai.com/ba70530f-1fc7-3f10-b0a5-fc0a08399ffa?u=351ef292-faed-4477-a667-ff65eb6ec0ed&origin=csv,Italian,,,,Y,9f890b17-e853-4a58-9792-8e796f1f1920,Italy,Europe,Southern Europe,1750000,monthly-unique-visitors,1,neutral,0.05,,,,,,,,,,,,,,,,,
Italy,Live Inter-Atalanta from 20.45: here are the official formations,TuttoSport.com,11/01/2020,19:05:13,Online,https://article.signal-ai.com/5a31cb73-1354-3c49-bfed-de87ba3e65d0?u=351ef292-faed-4477-a667-ff65eb6ec0ed&origin=csv,Italian,,,,Y,f88108e3-cb2f-4ec4-982b-120206081549,Italy,Europe,Southern Europe,625000,monthly-unique-visitors,2,neutral,0.1,,,,,,,,,,,,,,,,,
Italy,Inter-Atalanta big Saturday night match in San Siro,Fanpage.it,11/01/2020,13:32:56,Online,https://article.signal-ai.com/ae2bfeef-be33-39c6-85ce-9bddb74cd8ed?u=351ef292-faed-4477-a667-ff65eb6ec0ed&origin=csv,Italian,,,,Y,c09e5b0b-0d23-4b35-aed6-99f88ebe9db7,Italy,Europe,Southern Europe,625000,monthly-unique-visitors,4,neutral,0.2,,,,,,,,,,,,,,,,,
Italy,"Today's TV series: where to see Cagliari-Milan, Lazio-Naples and Inter-Atalanta on Sky and DAZN",Fanpage.it,11/01/2020,07:30:57,Online,https://article.signal-ai.com/5cec6dc8-22a0-3f04-9a24-07bb31f9f142?u=351ef292-faed-4477-a667-ff65eb6ec0ed&origin=csv,Italian,,,,Y,161fccdc-a999-4d7b-a26d-9bd642ae9940,Italy,Europe,Southern Europe,625000,monthly-unique-visitors,5,neutral,1.4,,,,,,,,,,,,,,,,,
Italy,"Football, Nfl: 2nd round playoff presentation",La Gazzetta Dello Sport,11/01/2020,07:20:00,Online,https://article.signal-ai.com/a5c3eab6-f1de-3a4c-a4b8-ed2d5959201b?u=351ef292-faed-4477-a667-ff65eb6ec0ed&origin=csv,Italian,,,,Y,517a7b34-1c18-49e2-9c57-40ae565df8ed,Italy,Europe,Southern Europe,1750000,monthly-unique-visitors,1,neutral,0.05,,,,,,,,,,,,,,,,,
Italy,The best defense or attack Conte on the Gasperini exam,La Repubblica,11/01/2020,00:00:00,Print,https://article.signal-ai.com/774ea968-e96f-3853-98bd-2ed93da2dd2d?u=351ef292-faed-4477-a667-ff65eb6ec0ed&origin=csv,Italian,,,SPORT,Y,c3e145ef-46c8-4942-ae60-4ef4c373ac36,Italy,Europe,Southern Europe,175000,circulation,1,positive,0.05,,,,,,,,,,,,,,,,,
Italy,He is Totti's first Roma-Juventus orphan. That angers Romanists,Il Messaggero,11/01/2020,08:30:01,Online,https://article.signal-ai.com/c8d74ab2-9510-3f79-a292-fe74dbcad1b9?u=351ef292-faed-4477-a667-ff65eb6ec0ed&origin=csv,Italian,,,,Y,262abc82-3922-4bf2-a75e-bacc363d8052,Italy,Europe,Southern Europe,1750000,monthly-unique-visitors,1,neutral,0.25,,,,,,,,,,,,,,,,,
Italy,It's Totti's first orphan challenge that angers Romanists,Il Messaggero,11/01/2020,00:00:00,Print,https://article.signal-ai.com/2786082e-5df3-3fb8-bf35-11873199be3f?u=351ef292-faed-4477-a667-ff65eb6ec0ed&origin=csv,Italian,,,Sport,N,262abc82-3922-4bf2-a75e-bacc363d8052,Italy,Europe,Southern Europe,,,1,neutral,0.25,,,,,,,,,,,,,,,,,
Italy,"Inter, against the Goddess war of philosophies",Il Messaggero,11/01/2020,00:00:00,Print,https://article.signal-ai.com/ea65bd25-8f29-36d5-94ff-1d778359377d?u=351ef292-faed-4477-a667-ff65eb6ec0ed&origin=csv,Italian,,,Sport,Y,0e9fbc7e-a97d-4309-9a51-14da12bef801,Italy,Europe,Southern Europe,,,1,neutral,0.05,,,,,,,,,,,,,,,,,
Italy,"Cagliari-Milan, Lazio-Napoli, Inter-Atalanta: where to watch Serie A matches live tv and streaming",Corriere della Sera,10/01/2020,19:58:50,Online,https://article.signal-ai.com/bb658306-9bc4-3202-85ed-18586b4e144d?u=351ef292-faed-4477-a667-ff65eb6ec0ed&origin=csv,Italian,,,,Y,4a415afb-c81d-40a6-9a09-c7f45d3c6357,Italy,Europe,Southern Europe,1750000,monthly-unique-visitors,2,neutral,0.3,,,,,,,,,,,,,,,,,
Italy,"The Rennes of Camavinga tonight goes to the assault of Marseille: third against second, what a big match!",La Gazzetta Dello Sport,10/01/2020,13:00:00,Online,https://article.signal-ai.com/f95ab0f1-9894-304b-93f6-9f001ca6bcbc?u=351ef292-faed-4477-a667-ff65eb6ec0ed&origin=csv,Italian,,,,Y,28d236c1-ed6b-4855-8860-428150713405,Italy,Europe,Southern Europe,1750000,monthly-unique-visitors,1,neutral,0.25,,,,,,,,,,,,,,,,,
Italy,"Obikwelu, Djokovic, Golovkin: so CR7 ""steals"" the secrets of Champions",La Gazzetta Dello Sport,09/01/2020,14:40:00,Online,https://article.signal-ai.com/2bdf8348-aa87-31af-9c0c-783c86419e0b?u=351ef292-faed-4477-a667-ff65eb6ec0ed&origin=csv,Italian,,,,Y,11eb7a3b-2af6-4031-807b-a8164250f52d,Italy,Europe,Southern Europe,1750000,monthly-unique-visitors,1,neutral,0.05,,,,,,,,,,,,,,,,,
Italy,DAZN: busy weekend,TuttoSport.com,09/01/2020,14:52:00,Online,https://article.signal-ai.com/f785ab19-1a40-3cfe-8886-3aa0591b7ab5?u=351ef292-faed-4477-a667-ff65eb6ec0ed&origin=csv,Italian,,,,Y,6ad0ace2-7651-4d66-a880-f21f10354aae,Italy,Europe,Southern Europe,625000,monthly-unique-visitors,6,positive,1.45,,,,,,,,,,,,,,,,,
Italy,"More consumption, no refund if the football game jumps? Part of the warning",Il Tempo,08/01/2020,18:52:49,Online,https://article.signal-ai.com/6d0dbfa9-39f7-38bb-81f1-ce8fb938601c?u=351ef292-faed-4477-a667-ff65eb6ec0ed&origin=csv,Italian,,,,Y,b1858e01-7693-401b-95bc-45242607bf64,Italy,Europe,Southern Europe,75000,monthly-unique-visitors,1,neutral,0.05,,,,,,,,,,,,,,,,,
Italy,"Paola Ferrari (again) against Leotta :"" I wanted to challenge her at Sanremo""",Il Giornale,08/01/2020,16:50:02,Online,https://article.signal-ai.com/7e645703-d096-3260-becf-66fdff2dd473?u=351ef292-faed-4477-a667-ff65eb6ec0ed&origin=csv,Italian,,,,Y,ce9cab1e-e922-4ac9-a8bb-682657227488,Italy,Europe,Southern Europe,1750000,monthly-unique-visitors,1,neutral,0.05,,,,,,,,,,,,,,,,,
Italy,Totti becomes prosecutor: Federico Chiesa may be the first purchase of his agency,Fanpage.it,08/01/2020,16:30:07,Online,https://article.signal-ai.com/77d66ce6-d2a7-3bca-8f64-f4f0b9af3015?u=351ef292-faed-4477-a667-ff65eb6ec0ed&origin=csv,Italian,,,,Y,5dd637c3-1218-4ee3-ab62-aecc03527b70,Italy,Europe,Southern Europe,625000,monthly-unique-visitors,1,neutral,0.05,,,,,,,,,,,,,,,,,
Italy,"Rome: Zaniolo, injured by criticism but now stronger",ANSA,08/01/2020,13:11:33,Online,https://article.signal-ai.com/17744aa0-bae9-3d9f-b92b-03a0c307d6c4?u=351ef292-faed-4477-a667-ff65eb6ec0ed&origin=csv,Italian,,,,Y,b51699a8-1fd2-4aa1-8a94-d1b3f6c6fc06,Italy,Europe,Southern Europe,1750000,monthly-unique-visitors,1,neutral,0.25,,,,,,,,,,,,,,,,,
Italy,"Football on tv, Wednesday 8 January with the Super Cup of Spain",La Stampa,08/01/2020,11:44:00,Online,https://article.signal-ai.com/0e17b8e5-5deb-382c-b2e4-872a4fca3aca?u=351ef292-faed-4477-a667-ff65eb6ec0ed&origin=csv,Italian,,,,Y,c2884773-9496-461b-b387-41f651954ccd,Italy,Europe,Southern Europe,1750000,monthly-unique-visitors,1,neutral,0.05,,,,,,,,,,,,,,,,,
Italy,Zaniolo confesses,TuttoSport.com,08/01/2020,13:20:21,Online,https://article.signal-ai.com/778096bc-cb59-32ac-810b-994b62e9f3f8?u=351ef292-faed-4477-a667-ff65eb6ec0ed&origin=csv,Italian,,,,Y,60c4dfc8-3dd3-411f-8cfa-b1edf3a337a2,Italy,Europe,Southern Europe,625000,monthly-unique-visitors,1,neutral,0.25,,,,,,,,,,,,,,,,,
Italy,"Diletta Leotta and Daniele Scardina, when the first social photo means love",Vanityfair.it,08/01/2020,11:14:17,Online,https://article.signal-ai.com/473c73f5-6952-3fe4-b7bf-992058c38798?u=351ef292-faed-4477-a667-ff65eb6ec0ed&origin=csv,Italian,,,,Y,f6b2cf43-f164-4484-bb5c-373f91c254e2,Italy,Europe,Southern Europe,175000,monthly-unique-visitors,1,neutral,0.05,,,,,,,,,,,,,,,,,
Italy,"Roma, Zaniolo: ""when they called me to the national team I cried. As a trequartista I enjoy»",Il Messaggero,08/01/2020,10:32:23,Online,https://article.signal-ai.com/9e53bab1-ec2f-389d-b5d9-f78796d1580a?u=351ef292-faed-4477-a667-ff65eb6ec0ed&origin=csv,Italian,,,,Y,832e3ab3-c40e-46ff-a8dc-53494caf29ab,Italy,Europe,Southern Europe,1750000,monthly-unique-visitors,1,neutral,0.25,,,,,,,,,,,,,,,,,
Italy,"Zaniolo: ""now my shoulders are wider. And I just look forward."" Cristante renews",La Gazzetta Dello Sport,08/01/2020,09:31:45,Online,https://article.signal-ai.com/ab1d1a97-c158-3850-9cd7-510ab6e2e6ff?u=351ef292-faed-4477-a667-ff65eb6ec0ed&origin=csv,Italian,,,,Y,2f1f7f68-a8c0-4ca1-be6c-48cdea8ecd9f,Italy,Europe,Southern Europe,1750000,monthly-unique-visitors,1,neutral,0.25,,,,,,,,,,,,,,,,,
Italy,"Beloved Leotta commuter for love, holidays in Miami with Daniele Scardina",Leggo,08/01/2020,00:00:00,Online,https://article.signal-ai.com/34ba332f-ccc0-33ff-a322-1755614ab4d6?u=351ef292-faed-4477-a667-ff65eb6ec0ed&origin=csv,Italian,,,,Y,d1ec2ba2-f320-4776-beef-0d8e1f1c144a,Italy,Europe,Southern Europe,625000,monthly-unique-visitors,2,neutral,0.5,,,,,,,,,,,,,,,,,
Italy,Football on tv: Manchester derby on Tuesday,La Stampa,07/01/2020,17:09:12,Online,https://article.signal-ai.com/213af223-7ba6-330f-8940-f5f98942133a?u=351ef292-faed-4477-a667-ff65eb6ec0ed&origin=csv,Italian,,,,Y,5de391cc-3cba-4249-ac87-712dfe0d935e,Italy,Europe,Southern Europe,1750000,monthly-unique-visitors,1,neutral,0.25,,,,,,,,,,,,,,,,,
Italy,"The first social photo of pair of Diletta Leotta and Daniele Scardina, the bond becomes official",Fanpage.it,07/01/2020,14:08:57,Online,https://article.signal-ai.com/dadf4f28-8942-3cae-850d-d31ce5bd6f14?u=351ef292-faed-4477-a667-ff65eb6ec0ed&origin=csv,Italian,,,,Y,ef4df859-af37-44b4-89d7-f25aa808f253,Italy,Europe,Southern Europe,625000,monthly-unique-visitors,1,neutral,0.25,,,,,,,,,,,,,,,,,
Italy,Where to see United-City: Manchester derby live tv and streaming,Fanpage.it,07/01/2020,12:00:17,Online,https://article.signal-ai.com/52ca4286-06e0-3ed3-8561-06eea05d7c33?u=351ef292-faed-4477-a667-ff65eb6ec0ed&origin=csv,Italian,,,,Y,89a0dd6b-2bd4-43c0-90eb-c0dac214d787,Italy,Europe,Southern Europe,625000,monthly-unique-visitors,3,neutral,0.35,,,,,,,,,,,,,,,,,
Italy,"Apollinaire, Zlatan and the stars to be rekindled",La Repubblica,07/01/2020,00:00:00,Print,https://article.signal-ai.com/ee7405e9-a2bd-34d4-8d5a-f91c210dc238?u=351ef292-faed-4477-a667-ff65eb6ec0ed&origin=csv,Italian,,,SPORT,Y,c532701f-0167-44bb-be11-55c91ff96072,Italy,Europe,Southern Europe,175000,circulation,1,neutral,0.25,,,,,,,,,,,,,,,,,
Italy,"Farewell to Tilkowsi, suffered the phantom goal of ' 66",La Repubblica,07/01/2020,00:00:00,Print,https://article.signal-ai.com/c733b038-8912-3678-a0ce-2c96a9e4e2b2?u=351ef292-faed-4477-a667-ff65eb6ec0ed&origin=csv,Italian,,,SPORT,Y,c39c3513-8c62-434a-93aa-343912e4595c,Italy,Europe,Southern Europe,175000,circulation,3,neutral,0.15,,,,,,,,,,,,,,,,,
Italy,"A fil di rete di Aldo Grasso; Paola Ferrari, the criticism of Diletta Leotta and the halos of light",Corriere della Sera,07/01/2020,00:00:00,Print,https://article.signal-ai.com/0523ee01-7e87-3ef1-89c0-41ac82bb134e?u=351ef292-faed-4477-a667-ff65eb6ec0ed&origin=csv,Italian,,,Spettacoli,Y,5fc99f7a-cc48-4069-9bc6-faf246e44644,Italy,Europe,Southern Europe,375000,circulation,1,neutral,0.25,,,,,,,,,,,,,,,,,
Italy,"And it is yellow TOTTI for the LIKE to a TWEET against FLORENZI; De Rossi says enough:"" for the family""; Daniele leaves Boca Juniors and announces the withdrawal :"" I will coach»",Il Giornale,07/01/2020,00:00:00,Print,https://article.signal-ai.com/d6b2c27c-796a-3fb0-8e02-a832dcfb491f?u=351ef292-faed-4477-a667-ff65eb6ec0ed&origin=csv,Italian,,,,Y,28582de3-741c-4f77-ae13-fa530914e069,Italy,Europe,Southern Europe,75000,circulation,1,negative,0.25,,,,,,,,,,,,,,,,,
Italy,"De Rossi says: ""for the family»",Il Giornale,07/01/2020,07:03:28,Online,https://article.signal-ai.com/87754ad7-1bd6-3846-830d-9fd5a770cd95?u=351ef292-faed-4477-a667-ff65eb6ec0ed&origin=csv,Italian,,,,N,28582de3-741c-4f77-ae13-fa530914e069,Italy,Europe,Southern Europe,1750000,monthly-unique-visitors,1,negative,0.25,,,,,,,,,,,,,,,,,
Italy,"Paola Ferrari, the criticism of Diletta Leotta and the halos of light",Corriere della Sera,06/01/2020,19:08:35,Online,https://article.signal-ai.com/cb8f8b8b-4ba6-3a38-aee2-2b7cf6414bf2?u=351ef292-faed-4477-a667-ff65eb6ec0ed&origin=csv,Italian,,,,Y,6dbd518d-6b62-458b-b6f6-cf04f9e98f7c,Italy,Europe,Southern Europe,1750000,monthly-unique-visitors,1,neutral,0.25,,,,,,,,,,,,,,,,,
Italy,"Gasperini applauds his Atalanta: ""there is a fabulous chemistry”",La Gazzetta Dello Sport,06/01/2020,16:40:00,Online,https://article.signal-ai.com/1f874433-12d5-3e0f-94a4-140f53d09174?u=351ef292-faed-4477-a667-ff65eb6ec0ed&origin=csv,Italian,,,,Y,393ce845-25a8-4584-a668-3c29db550a4d,Italy,Europe,Southern Europe,1750000,monthly-unique-visitors,1,neutral,0.05,,,,,,,,,,,,,,,,,
Italy,"Football: Parma; anger of Aversa, I am angry black",ANSA,06/01/2020,16:41:51,Online,https://article.signal-ai.com/3a41dad9-7928-3f05-b008-5a941dc11d48?u=351ef292-faed-4477-a667-ff65eb6ec0ed&origin=csv,Italian,,,,Y,06b0fcf2-4339-4afd-bf76-653853d1b488,Italy,Europe,Southern Europe,1750000,monthly-unique-visitors,1,neutral,0.25,,,,,,,,,,,,,,,,,
Italy,"Totti and the yellow of like Al post against Florenzi: ""never put""",La Repubblica,06/01/2020,15:29:20,Online,https://article.signal-ai.com/e916b267-b0f1-3e00-8ad0-2f3a244ce934?u=351ef292-faed-4477-a667-ff65eb6ec0ed&origin=csv,Italian,,,,Y,bd0adba6-99da-4af6-994a-071710d24370,Italy,Europe,Southern Europe,3750000,monthly-unique-visitors,1,neutral,0.45,,,,,,,,,,,,,,,,,
Italy,"Bologna, De Leo exults: ""the boys did not deserve defeat""",TuttoSport.com,06/01/2020,15:06:42,Online,https://article.signal-ai.com/06457881-cac5-31cd-9129-7b7d83e21fb9?u=351ef292-faed-4477-a667-ff65eb6ec0ed&origin=csv,Italian,,,,Y,595e857a-8f36-4b0d-ac89-b6c706bc0c7d,Italy,Europe,Southern Europe,625000,monthly-unique-visitors,1,neutral,0.25,,,,,,,,,,,,,,,,,
Italy,"Fiorentina, Iachini: ""there is regret for the lost points. Church, Great Race""",TuttoSport.com,06/01/2020,14:25:55,Online,https://article.signal-ai.com/56edbddb-02b9-39a2-9160-5b902e953e85?u=351ef292-faed-4477-a667-ff65eb6ec0ed&origin=csv,Italian,,,,Y,723e2f29-4f6d-4531-996a-9636fc242302,Italy,Europe,Southern Europe,625000,monthly-unique-visitors,1,neutral,0.25,,,,,,,,,,,,,,,,,
Italy,Belotti: we gave the soul,TuttoSport.com,06/01/2020,11:12:49,Online,https://article.signal-ai.com/9087d678-bb20-3efc-a3e7-f1aa3c68be52?u=351ef292-faed-4477-a667-ff65eb6ec0ed&origin=csv,Italian,,,,Y,50f8100f-1d04-48eb-8b40-99c39303db59,Italy,Europe,Southern Europe,625000,monthly-unique-visitors,1,neutral,0.25,,,,,,,,,,,,,,,,,
Italy,Mazzarri exalts Belotti,TuttoSport.com,06/01/2020,11:12:49,Online,https://article.signal-ai.com/08e9dad1-67c0-3d45-9c5c-b3e552a29058?u=351ef292-faed-4477-a667-ff65eb6ec0ed&origin=csv,Italian,,,,Y,38c0c517-c0f6-41cc-bf01-ce36ee80d846,Italy,Europe,Southern Europe,625000,monthly-unique-visitors,1,neutral,0.25,,,,,,,,,,,,,,,,,
Italy,Live Atalanta-Parma from 15: Kulusevski holder,TuttoSport.com,06/01/2020,10:59:26,Online,https://article.signal-ai.com/90bdaf90-6ebb-347d-b569-68bae57af353?u=351ef292-faed-4477-a667-ff65eb6ec0ed&origin=csv,Italian,,,,Y,744cfe29-9897-4f6b-9fd5-13eae0d4d5af,Italy,Europe,Southern Europe,625000,monthly-unique-visitors,2,neutral,0.1,,,,,,,,,,,,,,,,,
Italy,"Totti “ "" a young man like me in this Rome? He wouldn't play, he'd already be sold.”",Fanpage.it,06/01/2020,09:48:46,Online,https://article.signal-ai.com/36aaa568-158f-348c-acdb-7d4043bc540e?u=351ef292-faed-4477-a667-ff65eb6ec0ed&origin=csv,Italian,,,,Y,ad3f3b37-c39a-439a-b795-37bb1883bbfb,Italy,Europe,Southern Europe,625000,monthly-unique-visitors,2,neutral,0.5,,,,,,,,,,,,,,,,,
Italy,Live Bologna-Fiorentina from 12.30: official line-ups,TuttoSport.com,06/01/2020,10:59:26,Online,https://article.signal-ai.com/57f22a92-d841-3240-88d3-2a95e94a4911?u=351ef292-faed-4477-a667-ff65eb6ec0ed&origin=csv,Italian,,,,Y,6adca92c-5d8b-44c0-bf78-770e4c70c29e,Italy,Europe,Southern Europe,625000,monthly-unique-visitors,3,neutral,0.15,,,,,,,,,,,,,,,,,
Italy,"Serie A today on tv: where to see Juve-Cagliari, Napoli-Inter and matches on Sky and DAZN",Fanpage.it,06/01/2020,07:00:26,Online,https://article.signal-ai.com/f0b6b123-8033-356d-b077-cfb84fdf3f6d?u=351ef292-faed-4477-a667-ff65eb6ec0ed&origin=csv,Italian,,,,Y,426f8d52-dd06-4ad5-be07-9f33aebc5bc6,Italy,Europe,Southern Europe,625000,monthly-unique-visitors,7,neutral,1.7,,,,,,,,,,,,,,,,,
Italy,"Football on tv: The Epiphany matches, Juve in the afternoon and Napoli-Inter in the evening",La Stampa,06/01/2020,06:55:36,Online,https://article.signal-ai.com/2360e68e-2d15-3dd3-8ebd-8653c81f33f1?u=351ef292-faed-4477-a667-ff65eb6ec0ed&origin=csv,Italian,,,,Y,ca93d0b7-c776-4103-ba5b-01c6c16f0a6c,Italy,Europe,Southern Europe,1750000,monthly-unique-visitors,1,neutral,0.05,,,,,,,,,,,,,,,,,
Italy,JUVENTUS42,La Repubblica,06/01/2020,00:00:00,Print,https://article.signal-ai.com/7a1becf8-194b-3869-a3ba-f943f7d0957b?u=351ef292-faed-4477-a667-ff65eb6ec0ed&origin=csv,Italian,,,SPORT,Y,7f6568c7-301f-41e9-bc7c-743f56c3fd4a,Italy,Europe,Southern Europe,175000,circulation,2,neutral,0.1,,,,,,,,,,,,,,,,,
Italy,"Mazzarri: ""when Belotti plays so carefree it is impossible""",TuttoSport.com,05/01/2020,22:57:36,Online,https://article.signal-ai.com/40ac3620-b71a-318b-bcc3-2db6e9706e63?u=351ef292-faed-4477-a667-ff65eb6ec0ed&origin=csv,Italian,,,,Y,08b5fb6a-28be-434d-9965-5635caad28c0,Italy,Europe,Southern Europe,625000,monthly-unique-visitors,1,neutral,0.25,,,,,,,,,,,,,,,,,
Italy,"Belotti: ""exciting to match Ossola, but I don't want to stop""",La Gazzetta Dello Sport,05/01/2020,22:31:58,Online,https://article.signal-ai.com/b3b94931-c5c8-3aa2-a40d-bfc57f84db8c?u=351ef292-faed-4477-a667-ff65eb6ec0ed&origin=csv,Italian,,,,Y,2773cb08-4dd5-4ced-9c84-9a2c5c33ddf0,Italy,Europe,Southern Europe,1750000,monthly-unique-visitors,1,positive,0.25,,,,,,,,,,,,,,,,,
Italy,"Torino, Belotti exulta",TuttoSport.com,05/01/2020,22:57:36,Online,https://article.signal-ai.com/2f0dcb68-2f7f-3364-8690-4e5dbcf05ae1?u=351ef292-faed-4477-a667-ff65eb6ec0ed&origin=csv,Italian,,,,Y,ac1b7273-1984-4346-9b26-3b2d5d27a6fa,Italy,Europe,Southern Europe,625000,monthly-unique-visitors,1,neutral,0.25,,,,,,,,,,,,,,,,,
Italy,"Fonseca on the knockout with Torino: ""the ball never entered""",TuttoSport.com,05/01/2020,22:44:13,Online,https://article.signal-ai.com/2ab1e304-243d-3328-85b1-e88e5c21da15?u=351ef292-faed-4477-a667-ff65eb6ec0ed&origin=csv,Italian,,,,Y,5b40ea63-f975-4130-a622-25a6cd4b5b08,Italy,Europe,Southern Europe,625000,monthly-unique-visitors,1,neutral,0.45,,,,,,,,,,,,,,,,,
Italy,"Totti a Linea Diletta on DAZN: ""at 25 today I would not play in Roma""",La Gazzetta Dello Sport,05/01/2020,21:52:42,Online,https://article.signal-ai.com/5cd99420-5fd7-3c9e-b547-ed3b57f389da?u=351ef292-faed-4477-a667-ff65eb6ec0ed&origin=csv,Italian,,,,Y,70d6ecd0-5c52-401a-a59b-b0f908bd604d,Italy,Europe,Southern Europe,1750000,monthly-unique-visitors,3,neutral,1.5,,,,,,,,,,,,,,,,,
Italy,Live Roma v Torino from 8.45 pm: Dzeko challenge Belotti,TuttoSport.com,05/01/2020,18:56:59,Online,https://article.signal-ai.com/c91acee7-d9bb-3ce1-a3d2-e42cc7a34f3f?u=351ef292-faed-4477-a667-ff65eb6ec0ed&origin=csv,Italian,,,,Y,0b7ccbf2-76ff-4e7d-a15c-4dff904abe77,Italy,Europe,Southern Europe,625000,monthly-unique-visitors,3,neutral,0.15,,,,,,,,,,,,,,,,,
Italy,Serie A: next round,ANSA,05/01/2020,10:03:54,Online,https://article.signal-ai.com/7eee20b8-5e8b-3e37-8f9a-93bc36e94fa3?u=351ef292-faed-4477-a667-ff65eb6ec0ed&origin=csv,Italian,,,,Y,eda7f9b1-8f2d-49d7-b1c4-57c48136e5a8,Italy,Europe,Southern Europe,1750000,monthly-unique-visitors,3,neutral,0.75,,,,,,,,,,,,,,,,,
Italy,Live Rome-Turin 8.45 pm: How to see it on tv and probable line-ups,TuttoSport.com,05/01/2020,08:01:44,Online,https://article.signal-ai.com/8152f968-e17f-3b0f-b3df-6398cd536f59?u=351ef292-faed-4477-a667-ff65eb6ec0ed&origin=csv,Italian,,,,Y,a283fa53-774b-492a-a23c-bbd8725eb9d9,Italy,Europe,Southern Europe,625000,monthly-unique-visitors,3,neutral,0.15,,,,,,,,,,,,,,,,,
Italy,The TV programming of the races of the 18th day,Fanpage.it,05/01/2020,11:02:22,Online,https://article.signal-ai.com/5bfaf76b-8008-318d-98de-7879dad5dc2a?u=351ef292-faed-4477-a667-ff65eb6ec0ed&origin=csv,Italian,,,,Y,ca45054d-ee08-4cec-8348-cd40b2734618,Italy,Europe,Southern Europe,625000,monthly-unique-visitors,5,neutral,0.45,,,,,,,,,,,,,,,,,
Italy,"A derby in fate: Ancelotti, anti Liverpool try to make the miracle",La Stampa,05/01/2020,06:08:07,Online,https://article.signal-ai.com/cb04edd1-3ae4-30d5-a700-9d6e345cc939?u=351ef292-faed-4477-a667-ff65eb6ec0ed&origin=csv,Italian,,,,Y,f214be81-e7e7-45fa-901e-900fb599010f,Italy,Europe,Southern Europe,1750000,monthly-unique-visitors,1,neutral,0.05,,,,,,,,,,,,,,,,,
Italy,"A derby in fate: Ancelotti, anti Liverpool try to make the miracle",La Stampa,05/01/2020,06:00:00,Print,https://article.signal-ai.com/c74ac5a6-7a8f-310f-b15d-14c77d55c51a?u=351ef292-faed-4477-a667-ff65eb6ec0ed&origin=csv,Italian,,,Topnews-Sport,N,f214be81-e7e7-45fa-901e-900fb599010f,Italy,Europe,Southern Europe,175000,circulation,1,neutral,0.05,,,,,,,,,,,,,,,,,
Italy,Football on tv: serie A on Sunday,La Stampa,05/01/2020,06:01:53,Online,https://article.signal-ai.com/c1ee6276-3214-313d-966d-f109d6c0d023?u=351ef292-faed-4477-a667-ff65eb6ec0ed&origin=csv,Italian,,,,Y,28b2d9f9-ab1f-4a40-b0da-a03e3fd508c3,Italy,Europe,Southern Europe,1750000,monthly-unique-visitors,2,neutral,0.3,,,,,,,,,,,,,,,,,
Italy,FA Cup; Ancelotti challenges Klopp in Liverpool derby Ok Manchester City Replay for United,Corriere della Sera,05/01/2020,00:00:00,Print,https://article.signal-ai.com/ad980940-e147-3e9d-8bce-49009ad205a5?u=351ef292-faed-4477-a667-ff65eb6ec0ed&origin=csv,Italian,,,Sport,Y,b6e8b8e0-1510-4cce-94f5-d7965afbc62d,Italy,Europe,Southern Europe,375000,circulation,1,neutral,0.25,,,,,,,,,,,,,,,,,
Italy,"Return of the Championship at the Olimpico; Fonseca defends Kalinic: ""soon it will come in handy»",Corriere della Sera,05/01/2020,00:00:00,Print,https://article.signal-ai.com/b65f84d3-0e70-3581-871c-8ebad94dad48?u=351ef292-faed-4477-a667-ff65eb6ec0ed&origin=csv,Italian,,,Sport,Y,b4052c3a-0e19-46fd-85aa-8f7285f881fc,Italy,Europe,Southern Europe,375000,circulation,1,neutral,0.05,,,,,,,,,,,,,,,,,
Italy,18th day,La Repubblica,05/01/2020,00:00:00,Print,https://article.signal-ai.com/fd0dc26d-2eb1-35dd-8512-8271ef33554e?u=351ef292-faed-4477-a667-ff65eb6ec0ed&origin=csv,Italian,,,SPORT,Y,3f9411b1-9de3-41e4-b874-afa22374a504,Italy,Europe,Southern Europe,175000,circulation,3,neutral,0.15,,,,,,,,,,,,,,,,,
Italy,Return to Anfield Ancelotti in Liverpool derby,La Repubblica,05/01/2020,00:00:00,Print,https://article.signal-ai.com/8fb4fa3c-5e99-3c7f-86f0-d93edf6862a4?u=351ef292-faed-4477-a667-ff65eb6ec0ed&origin=csv,Italian,,,SPORT,Y,351d9967-a912-4b4e-8e47-c22b3206210a,Italy,Europe,Southern Europe,175000,circulation,1,neutral,0.05,,,,,,,,,,,,,,,,,
Italy,Rome Turin,La Repubblica,05/01/2020,00:00:00,Print,https://article.signal-ai.com/da2dc6c9-fe6e-3a0c-bff3-adbee7b7ee8d?u=351ef292-faed-4477-a667-ff65eb6ec0ed&origin=csv,Italian,,,SPORT,Y,20f3faf2-5dba-46b8-971b-9b1466104124,Italy,Europe,Southern Europe,175000,circulation,1,neutral,0.05,,,,,,,,,,,,,,,,,
Italy,Lazio and Rome the alternatives to the first two of Inter and Juventus,Corriere della Sera,04/01/2020,20:48:08,Online,https://article.signal-ai.com/09e2a196-e7d3-3876-b16a-4951665c9484?u=351ef292-faed-4477-a667-ff65eb6ec0ed&origin=csv,Italian,,,,Y,dc0f1568-2147-4198-a672-163efd97b475,Italy,Europe,Southern Europe,1750000,monthly-unique-visitors,1,neutral,0.25,,,,,,,,,,,,,,,,,
Italy,"Torino try to start again. Mazzarri: ""Roma will need something special»",Corriere della Sera,04/01/2020,20:47:05,Online,https://article.signal-ai.com/fd586ec7-c189-325b-a539-8604aa917d2b?u=351ef292-faed-4477-a667-ff65eb6ec0ed&origin=csv,Italian,,,,Y,024950c5-e6ca-48f1-98e7-e355463ba453,Italy,Europe,Southern Europe,1750000,monthly-unique-visitors,2,neutral,0.3,,,,,,,,,,,,,,,,,
Italy,"Beloved Leotta, Camoranesi leaves Dazn :"" good luck mister»",Il Messaggero,04/01/2020,20:39:38,Online,https://article.signal-ai.com/86f4b1bb-9b0f-3de6-828d-81f4cb217196?u=351ef292-faed-4477-a667-ff65eb6ec0ed&origin=csv,Italian,,,,Y,ee9e4add-cec0-48a4-a72b-4818df9c202f,Italy,Europe,Southern Europe,1750000,monthly-unique-visitors,3,positive,1.5,,,,,,,,,,,,,,,,,
Italy,"Brescia-Lazio, Juventus-Cagliari, Napoli-Inter: where to watch Serie A matches live tv and streaming",Corriere della Sera,04/01/2020,14:15:50,Online,https://article.signal-ai.com/06821522-c092-30e3-9f1e-e72c12df0ccb?u=351ef292-faed-4477-a667-ff65eb6ec0ed&origin=csv,Italian,,,,Y,bdabdd09-2c30-4bf8-95f4-94d2e0f36373,Italy,Europe,Southern Europe,1750000,monthly-unique-visitors,3,positive,0.35,,,,,,,,,,,,,,,,,
Italy,From beloved Leotta to Slovenia: here's what happened to Camoranesi,Corriere della Sera,04/01/2020,11:54:41,Online,https://article.signal-ai.com/886995a4-0ef0-3e2c-a943-24d019b9f00f?u=351ef292-faed-4477-a667-ff65eb6ec0ed&origin=csv,Italian,,,,Y,437bd931-bcea-49ba-ab62-5875fd7d7cb6,Italy,Europe,Southern Europe,1750000,monthly-unique-visitors,2,positive,0.5,,,,,,,,,,,,,,,,,
Italy,18th day,La Repubblica,04/01/2020,00:00:00,Print,https://article.signal-ai.com/b41d2524-8b1b-3fda-a9fc-3fe2f4cb05df?u=351ef292-faed-4477-a667-ff65eb6ec0ed&origin=csv,Italian,,,SPORT,Y,8c87c663-9d77-4684-be25-3695eafb78c2,Italy,Europe,Southern Europe,175000,circulation,3,neutral,0.15,,,,,,,,,,,,,,,,,
Italy,"Camoranesi, new adventure: he is the coach of Tabor Sezana in Slovenia",La Gazzetta Dello Sport,03/01/2020,22:16:21,Online,https://article.signal-ai.com/610f55d8-99fa-3538-b6a0-1afe1d393c6a?u=351ef292-faed-4477-a667-ff65eb6ec0ed&origin=csv,Italian,,,,Y,3b022c73-ac23-4be4-8459-0fb6c10ba4e7,Italy,Europe,Southern Europe,1750000,monthly-unique-visitors,1,neutral,0.25,,,,,,,,,,,,,,,,,
Italy,"New Year's Eve by the sea for Leotta's Delight: ""has the tail also strained?""",Il Giornale,03/01/2020,11:56:21,Online,https://article.signal-ai.com/bb33aa60-f4c0-3288-8bf0-a9be78052a44?u=351ef292-faed-4477-a667-ff65eb6ec0ed&origin=csv,Italian,,,,Y,f2e2ab01-c3ca-4887-9059-6a3c4a144639,Italy,Europe,Southern Europe,1750000,monthly-unique-visitors,1,neutral,0.05,,,,,,,,,,,,,,,,,
Italy,"New Year's Eve by the sea for Leotta's Delight: ""has the tail also strained?""",Il Giornale,03/01/2020,11:46:11,Blog,https://article.signal-ai.com/e1404c52-4916-3e1c-b989-a6b5d855ea8a?u=351ef292-faed-4477-a667-ff65eb6ec0ed&origin=csv,Italian,,,,N,f2e2ab01-c3ca-4887-9059-6a3c4a144639,Italy,Europe,Southern Europe,875000,monthly-unique-visitors,1,neutral,0.05,,,,,,,,,,,,,,,,,
Italy,DAZN: here are the unmissable appointments,TuttoSport.com,03/01/2020,15:38:00,Online,https://article.signal-ai.com/909a4f64-03d4-34e4-87db-3e56ba1f8352?u=351ef292-faed-4477-a667-ff65eb6ec0ed&origin=csv,Italian,,,,Y,ebc08586-771d-419e-bc61-d25568867f49,Italy,Europe,Southern Europe,625000,monthly-unique-visitors,7,neutral,1.7,,,,,,,,,,,,,,,,,
Italy,"New Year, Old Rome for the bull",Corriere della Sera,03/01/2020,00:00:00,Print,https://article.signal-ai.com/f863221a-e99e-3024-87e7-e9a59b38d77f?u=351ef292-faed-4477-a667-ff65eb6ec0ed&origin=csv,Italian,,,Sport,Y,1c83bb6d-3849-4f32-83eb-6630f9f2cf78,Italy,Europe,Southern Europe,375000,circulation,1,neutral,0.05,,,,,,,,,,,,,,,,,
Italy,Indiscretions; from Jebreal to Diletta Leotta; first women to Ariston,Il Giornale,03/01/2020,00:00:00,Print,https://article.signal-ai.com/977052c1-6a02-311b-809e-f007b0165ddb?u=351ef292-faed-4477-a667-ff65eb6ec0ed&origin=csv,Italian,,,,Y,18908185-3bca-4010-b3ed-6402334912c3,Italy,Europe,Southern Europe,75000,circulation,1,neutral,0.25,,,,,,,,,,,,,,,,,
Italy,From Jebreal to Diletta Leotta. First women at Ariston,Il Giornale,03/01/2020,08:57:16,Online,https://article.signal-ai.com/16b27d03-9796-3456-a83d-b057ef500fe8?u=351ef292-faed-4477-a667-ff65eb6ec0ed&origin=csv,Italian,,,,N,18908185-3bca-4010-b3ed-6402334912c3,Italy,Europe,Southern Europe,1750000,monthly-unique-visitors,1,neutral,0.25,,,,,,,,,,,,,,,,,
Italy,From Jebreal to Diletta Leotta. First women at Ariston,Il Giornale,03/01/2020,08:53:23,Blog,https://article.signal-ai.com/34832e58-6393-3db5-8a04-24b3e493fc4e?u=351ef292-faed-4477-a667-ff65eb6ec0ed&origin=csv,Italian,,,,N,18908185-3bca-4010-b3ed-6402334912c3,Italy,Europe,Southern Europe,875000,monthly-unique-visitors,1,neutral,0.25,,,,,,,,,,,,,,,,,
Italy,Football on tv: Liverpool on the pitch. Thursday night from Anfield Road on Sky,La Stampa,02/01/2020,06:27:46,Online,https://article.signal-ai.com/bd7f2fd5-7ff1-3f36-9f7b-9e8dbea18f4a?u=351ef292-faed-4477-a667-ff65eb6ec0ed&origin=csv,Italian,,,,Y,5d1fb488-797d-45b2-81ab-35e3fce25095,Italy,Europe,Southern Europe,1750000,monthly-unique-visitors,1,neutral,0.05,,,,,,,,,,,,,,,,,
Italy,Camoranesi at Tabor Sezana,TuttoSport.com,04/01/2020,12:52:36,Online,https://article.signal-ai.com/abd01936-1d0b-31cb-980e-c7160cac538f?u=351ef292-faed-4477-a667-ff65eb6ec0ed&origin=csv,Italian,,,,Y,66c95923-8acc-4be8-9965-35727e3c0e55,Italy,Europe,Southern Europe,625000,monthly-unique-visitors,1,neutral,0.25,,,,,,,,,,,,,,,,,
